race,cluster,lsat,ugpa,zfygpa,zgpa,bar1,fulltime,fam_inc,age,gender
2,5,37,NA,NA,-2.01,F,1,4,-58,male
3,5,37,3.6,NA,0,F,1,3,-62,male
7,5,33,3.3,NA,NA,P,1,4,-60,female
7,4,32.5,3.2,-0.76,-0.56,P,1,4,-62,female
7,5,41,3.9,1.08,0.88,P,1,3,-57,female
7,3,36,2.9,-0.53,-1.05,F,1,4,-61,female
4,1,36,3.1,-0.67,-0.9,P,1,3,-61,female
2,1,34,2.5,-1.14,-0.93,F,1,4,-60,male
7,5,41,3.2,-0.16,-0.19,F,1,5,-59,male
7,3,36,3.3,0.45,0.23,P,1,4,-62,male
7,1,41,3.4,-0.38,-0.83,F,1,3,-58,female
7,2,35,3.3,0.91,1.26,P,1,4,-61,male
7,1,37,3.2,-0.65,-0.59,P,1,3,-61,female
7,5,42,3.8,0.35,0.35,P,1,4,-55,female
7,3,36,3.6,0.45,0.44,P,1,3,-62,female
7,1,44,3.7,-1.26,-1.42,P,1,3,-60,male
7,3,37,3.7,1.08,0.98,P,1,3,-62,male
7,3,34,3.5,-0.2,-0.57,P,1,4,-63,female
7,3,42,3.3,-1.59,-0.82,P,1,4,-62,male
7,5,37.7,3.1,NA,NA,P,1,4,-60,female
7,1,26,2.6,1.28,-0.85,F,2,4,-61,male
7,1,38,3.6,0.22,0.18,P,1,4,-62,female
7,6,29,3,NA,NA,F,1,3,-55,male
7,5,30,2.9,-0.86,-1.43,F,1,4,-60,male
7,2,45,3.1,2.23,2.14,F,1,4,-61,female
7,3,40,2.6,-0.44,-1.36,F,1,4,-60,female
7,3,42,3.9,0.61,0.47,P,1,3,-55,female
7,3,38,2.2,-0.94,-0.91,P,1,4,-57,male
7,3,37,2.5,-0.77,-1.55,F,1,5,-61,male
7,3,35,3.2,-0.69,-0.49,F,1,NA,-62,male
7,3,NA,3.4,0.32,0.49,P,1,2,-37,female
7,5,45,3.6,0.25,0.19,P,1,4,-65,female
7,1,39,3.5,-0.81,-0.07,P,1,3,-49,male
5,3,31,3,-1.46,-1.34,F,2,2,-42,male
7,3,34,3,-0.5,-1.41,F,1,4,-62,female
7,1,41,3.8,1.6,1.49,P,1,3,-62,female
7,4,43,3.6,-0.99,-0.1,P,1,4,-60,female
4,3,27,2.3,-1.26,-1.27,P,1,3,-55,male
7,1,39,3.4,1,0.19,F,1,4,-62,female
7,3,32,3.2,-1.48,-1.65,F,1,4,-62,female
7,1,30,3.2,-1.38,-1.32,F,1,3,-61,female
7,3,38,2.9,-1.51,-0.31,P,1,4,-62,female
2,4,31,2.6,-1.26,-1.87,F,1,5,-59,male
7,6,27,2.5,NA,NA,F,1,3,-46,male
7,3,33,2.5,-0.32,-1.27,P,1,4,-58,male
7,4,41,3,0.49,0.38,P,1,4,-62,female
7,3,40,3.7,-0.75,-0.73,F,1,3,-59,female
7,3,34,2.7,-1.71,-1.54,F,1,4,-60,male
3,4,25,3.3,-0.09,-0.24,F,1,2,-61,female
7,5,44,3.8,0.78,1.4,P,1,4,-62,female
7,1,35.5,3.6,-0.09,0.38,P,1,2,-53,male
1,5,39,2.8,NA,NA,F,1,3,-53,female
7,4,38,3,-1.23,-0.86,P,1,5,-61,male
7,5,48,3.8,NA,0,P,1,2,-57,male
7,4,48,3.8,0.86,0.99,P,1,2,-56,female
7,4,36,3.2,-1.37,NA,P,1,4,-59,female
7,3,37,3.6,1.45,1.39,P,1,3,-62,female
7,1,35,3.5,0.26,0.26,P,1,4,-58,male
7,3,37,3.1,1.33,0.65,P,1,4,-62,female
7,1,42,3.2,0.58,0.74,P,1,4,-59,male
3,5,33,3.9,-1.43,NA,P,1,4,-61,female
7,3,37,3.8,-0.88,-2.11,F,1,3,-62,female
4,1,23.5,2.3,-1.38,-1.77,P,1,1,-56,male
6,1,40,3.6,-0.01,-0.02,P,1,4,-61,female
7,4,37.5,3,-0.54,-0.51,P,2,4,-58,male
3,3,27,3.3,1.25,0.41,P,1,2,-61,female
3,1,24,2.6,-1.6,-1.77,F,1,3,-61,female
3,3,26,2.3,-2.05,-1.39,F,2,3,-56,male
7,1,40,3.4,-0.49,-0.57,F,1,3,-53,male
7,1,39,3.5,1.84,1.89,P,1,3,-59,male
7,4,36.5,3.4,-0.8,-0.87,F,1,2,-58,female
7,3,37,2.2,-0.47,-0.9,F,2,5,-52,male
7,1,32,3.3,0.28,0,P,1,2,-55,female
3,3,19,3.2,-0.7,-0.45,F,1,3,-62,female
7,3,31.5,3,-0.44,-0.17,P,1,4,-61,female
7,2,33,3.5,NA,NA,F,1,3,-62,male
2,3,38,2.8,-1.26,-1.86,P,1,2,-60,male
7,2,27.5,3.1,-0.02,-0.77,F,1,4,-61,male
7,3,44,3.1,-0.79,-1.34,P,1,4,-61,male
3,1,32,2.4,-0.53,-0.7,F,1,1,-56,male
5,1,29,2.8,-1.32,-2.31,F,1,2,-64,male
7,3,36,2.3,-0.95,NA,F,1,2,-24,male
7,3,36,3.3,0.14,0.53,P,2,3,-57,male
7,3,30,3,-0.09,-0.61,F,1,3,-61,male
7,3,34,3.4,0.8,0.81,P,1,4,-56,female
7,1,40,3.2,-0.78,-1.25,P,1,4,-61,male
7,1,35,3.7,-0.37,-0.27,P,1,3,-62,male
7,4,42.5,3.6,0.94,0.84,P,1,5,-60,female
7,4,36,2.8,-1.05,-1.47,F,1,4,-62,male
6,1,33,3.1,-0.81,-1.55,F,1,3,-62,female
7,3,39,3.4,-0.05,-0.35,F,1,4,-61,female
7,1,39,3.8,0.38,-0.06,P,1,4,-62,male
7,4,42,3.9,-0.18,-0.08,P,1,4,-62,female
7,4,31,3,-1.66,-0.95,F,1,3,-57,female
7,2,33,2.9,1.21,2.3,P,1,4,-61,female
7,4,38,3.3,0.74,0.45,P,1,3,-62,female
7,2,39,3.7,1.4,1.85,P,1,1,-59,male
7,1,42,3.4,-0.4,0.21,P,1,2,-59,female
7,3,32,3,0.56,1.89,P,2,3,-52,female
3,5,26,3.2,-2.22,-2.14,F,1,4,-61,female
7,1,37,3.6,0.5,0.18,F,1,3,-59,male
3,4,29,2.7,NA,NA,F,2,4,-43,male
7,3,36,3.2,2,2.31,P,1,4,-50,female
7,1,38.5,3.6,1.2,1.23,P,1,4,-62,male
7,3,35,NA,1.23,1.35,P,1,3,-51,female
7,2,30,3.2,-1.13,-1.27,F,1,3,-48,female
7,3,30,3.1,0.75,0.8,P,1,5,-66,male
7,3,39,3.1,1.44,0.84,P,2,4,-61,female
3,6,30,2.7,1.14,0.29,P,1,2,-57,male
2,5,40,2.8,NA,NA,F,1,4,-63,male
7,2,34,3,-0.55,0.43,P,2,4,-62,female
2,4,42,2.9,1.31,-0.17,P,1,4,-59,male
7,3,36,NA,1.39,1.25,P,1,3,-60,male
7,3,33,3.2,0.6,0.17,P,2,2,-45,male
7,3,24,3,-1.04,-0.78,F,1,3,-55,male
7,5,46,3.1,2.03,0.98,P,1,3,-56,male
7,2,31.5,2.6,-0.96,-1.49,F,1,3,-62,female
7,4,33,3.8,0.77,0.99,P,1,3,-62,female
7,3,45,3.5,0.15,0.95,F,1,2,-49,male
7,3,31,3.6,1.27,1.05,P,1,4,-54,female
7,1,38,3,0.12,0.07,P,1,3,-49,female
7,1,44,3.8,0.21,0.35,P,1,4,-63,male
7,3,33,3.1,-0.45,-0.76,P,1,4,-62,male
7,3,36,3.6,-0.89,-0.29,P,1,2,-47,male
7,3,35,3.3,-1.06,-0.77,F,1,3,-62,male
7,4,32.3,3.2,-1.51,-1.51,F,1,4,-65,female
7,3,33,3.1,-1.42,-1.03,F,1,3,-60,male
7,5,20,NA,-1.56,-2.37,F,2,1,-59,female
7,3,38,3,0.48,0.65,F,1,4,-61,male
7,3,44,2.6,0.26,-0.37,P,1,3,-62,male
3,4,28.5,3.4,-2.87,-2.52,F,1,2,-66,female
7,5,44,3.3,0.06,NA,P,1,1,-58,male
7,1,41,3,-0.46,0.14,P,1,4,-61,male
4,3,29,3,-0.57,-1.02,F,1,2,-51,male
8,3,37,3.9,-0.05,0,P,1,4,-62,male
7,4,43,3.5,-0.66,-0.79,P,1,4,-62,female
7,4,43,3.7,-0.26,-0.4,F,1,4,-67,male
3,4,33,2.6,-1.35,-1.3,F,2,4,-50,female
7,4,38,2.1,-1.81,-1.82,F,1,4,-54,female
7,3,37,2.7,-0.49,-0.78,P,1,4,-61,male
7,3,33,3.6,0.25,0.5,F,1,2,-48,female
7,3,37,2.9,-0.14,0.1,P,1,4,-61,female
2,3,28,3.2,-0.55,-1.37,F,1,3,-60,male
7,5,42,4,NA,0,P,1,4,-62,female
3,3,25,2.4,-1.29,-1.52,F,1,4,-66,female
2,5,41,2.9,-1.26,-1.07,F,1,4,-60,male
7,NA,27,2.7,0.31,-1.1,F,2,1,-60,male
3,3,27,2.7,-1.9,-1.27,F,1,4,-60,female
7,4,36,3.3,-0.38,-0.41,P,1,4,-62,male
7,4,42,3.5,1,0.03,P,1,4,-62,female
7,4,47,3.6,0.6,0.83,P,1,5,-61,male
7,3,36,2.5,0.07,-0.04,P,1,4,-62,male
7,2,26,3.2,0.53,-0.76,P,1,4,-52,male
7,3,34,2.8,-1.79,-1.82,F,1,4,-55,male
4,6,30,2.1,0.18,-0.17,F,1,2,-57,male
7,3,37,2.8,-0.09,-0.52,P,2,3,-55,female
7,3,37,2.9,0.15,-0.2,F,1,3,-63,male
7,3,30,3.4,-0.98,-0.67,F,2,3,-48,male
7,3,37,3.4,-0.92,-0.16,P,1,4,-62,female
7,1,38,3.9,2.41,2.25,P,2,4,-58,female
7,4,37.5,3.7,0.05,-0.06,F,1,4,-52,male
7,1,25,3.5,-0.26,-0.77,F,1,5,-60,female
7,1,31.5,3.4,-0.37,-0.42,F,1,3,-58,female
7,4,26,2.8,-0.38,-0.73,P,1,5,-58,male
7,1,33,3.5,-0.95,-1.09,F,1,4,-61,male
8,1,38,3.7,-0.51,-0.92,P,1,2,-60,male
7,5,48,3.5,-0.61,NA,F,1,5,-62,male
7,4,45,3.7,0.55,-0.23,P,1,3,-62,male
7,3,34,2.8,0.26,0.32,P,1,4,-62,male
3,3,28,2.9,-1.4,-1.73,F,1,4,-62,female
7,3,34,2.9,1.25,1.25,P,1,3,-61,male
7,3,37,2.5,-1.44,-1.4,F,1,5,-60,male
7,4,37,3.9,-0.49,-0.54,P,1,3,-62,female
7,3,46,2.9,NA,NA,P,2,3,-63,female
7,1,42,3.8,0.92,0.49,P,1,4,-62,female
2,6,30,2.8,0.05,0.06,F,1,2,-60,female
7,1,35,3.1,-0.93,NA,F,2,3,-54,male
7,6,31,2.8,2.05,1.59,F,1,3,-59,female
7,2,35,3.5,1,1.55,P,1,3,-61,female
7,2,33,3.7,-0.52,-0.33,P,1,2,-56,male
7,2,29,3.3,-1.42,-1.32,F,1,4,-62,female
7,1,43,3.2,0.26,-0.03,P,1,4,-62,male
7,1,26,3.5,-0.24,-0.36,F,1,1,-61,female
7,1,39,3.5,-1.11,-0.92,P,1,4,-42,female
3,2,26,2.3,-1,-1.58,F,1,3,-60,female
3,3,25,2.3,-1.26,-0.51,F,2,3,-59,female
7,1,40,2.9,-0.28,-0.45,P,1,4,-61,male
7,2,32,2.7,-0.66,-0.97,P,1,3,-62,male
7,3,37,2.7,-1.4,-1.65,F,1,3,-61,female
7,4,40,3.9,-0.39,-0.03,P,1,4,-61,male
7,5,47,4,1.71,1.07,P,1,3,-58,male
7,3,32,3.4,0.85,0.52,P,1,1,-62,female
7,1,44,3.6,1.38,1.34,P,1,4,-62,female
7,3,34,3.1,0.75,0.25,P,1,4,-62,male
3,6,30,2.6,0.89,0.59,F,1,2,-60,female
7,3,36,3.4,-0.25,-0.42,F,1,3,-61,male
7,3,35,3.3,-1.81,-1.87,F,1,3,-59,male
7,2,26,3.3,-0.66,-1.35,F,1,4,-61,male
3,4,27,2.9,-1.28,-1.88,P,1,3,-57,male
7,2,32,2.7,0.74,0.61,P,1,5,-62,female
7,1,37,2.2,-1.29,-0.99,F,2,3,-33,male
7,3,35,3.3,-1.52,-1.42,P,1,3,-62,female
7,2,27.5,2.4,-0.1,0.21,P,1,4,-52,male
7,2,35,3.4,-0.34,-1.26,F,1,4,-62,male
7,1,39,3.5,-0.08,-0.3,P,1,4,-60,male
7,3,37,3.3,-0.62,-1.18,F,1,5,-62,female
7,2,37,2.6,-0.48,-0.92,P,1,3,-58,male
7,3,39,3.6,0.2,0.45,P,1,3,-62,female
7,4,36,3.8,1.85,2.34,P,1,4,-60,male
7,2,26.5,3.3,-0.75,-1.44,F,1,4,-62,male
7,3,39,2.7,-0.17,-0.06,P,1,4,-59,male
7,4,34.5,3.6,1.68,1.24,P,1,4,-59,male
7,1,40,4,1.65,1.74,P,1,3,-61,male
7,2,25,2.5,-0.34,-1.7,F,1,5,-60,male
7,1,38,2.6,0.14,-0.79,F,1,4,-61,male
7,1,25,2.9,-1.82,-1.72,F,1,4,-36,female
2,4,41,3.5,-1.1,-1.61,F,1,4,-62,female
2,3,25,NA,-0.41,-0.61,F,NA,NA,-56,female
7,3,37,3.8,0.92,0.97,P,1,3,-62,female
7,3,39,3.2,-0.28,-1.29,P,1,4,-62,female
3,1,25,2.6,0.04,-0.39,F,1,5,-57,female
7,3,35.3,3.1,-1.61,-1.74,P,1,3,-61,male
7,3,40,3.5,1.49,1.57,P,1,3,-61,male
7,1,41,3.5,-1.64,-1.44,P,1,5,-62,female
7,2,29,3.4,-0.97,-1.52,F,1,4,-60,male
7,2,39,2.5,0.24,0.15,P,1,3,-62,male
7,2,32.5,2.7,-0.17,-0.55,F,1,3,-61,female
3,1,29,3,NA,-0.85,F,2,3,-63,female
7,3,35,3.2,0.19,-0.46,F,2,4,-49,female
7,1,38,3,1.53,0.42,F,1,4,-53,male
5,1,26,3.1,-2.06,-2.06,F,1,4,-61,male
7,3,39,2.1,NA,NA,P,2,2,-53,male
3,1,28,2.8,-1.15,-2.03,F,1,3,-66,male
7,1,37,3.1,-0.07,-0.6,P,1,4,-62,female
7,5,40,3.2,NA,NA,P,1,4,-56,female
2,2,31,3,-0.93,-1.49,F,1,3,-61,female
7,1,36,3.3,-0.81,-0.29,P,1,5,-57,female
NA,6,42,2.6,-1.02,-1.24,F,1,3,-64,female
7,4,40,3.9,0.44,0.37,P,1,3,-62,male
7,1,39,3.6,0.38,-0.36,P,1,3,-52,male
7,3,34,3,-0.83,-1.06,F,1,3,-56,female
7,5,39,3.8,0.79,1.29,P,1,4,-62,female
7,1,48,3.5,-0.19,-0.09,P,1,4,-61,female
7,1,41,3.6,1.08,0.85,P,1,4,-62,male
7,1,38,3.7,0.88,1.56,P,1,3,-62,male
7,1,26,3.1,0.1,-0.66,F,1,4,-59,female
7,3,34,2.2,0.26,0.74,P,2,3,-56,female
3,3,34,2.3,-0.29,-0.67,F,1,3,-60,female
7,1,34,3.8,NA,NA,P,1,4,-62,female
7,1,38,3.8,-1.57,-1.65,P,1,3,-62,male
7,1,42,3.2,-0.52,NA,F,1,4,-67,male
2,1,37,3.6,-0.66,-0.02,P,1,2,-60,female
7,3,38,3.5,0.38,-0.3,P,1,4,-62,male
7,4,35.5,3,-1.14,-1.33,P,1,4,-61,female
7,3,31,3.2,-0.2,-0.63,F,2,3,-58,male
5,4,27,3.6,-1.9,-2.35,F,1,2,-60,male
3,1,36,2.8,-0.97,-1.01,F,1,4,-60,male
7,1,28.5,2.7,1.44,0.69,P,1,3,-61,male
7,1,30,3.1,1.86,1.14,P,1,2,-57,female
7,3,36,3.1,-0.76,-1.11,F,1,4,-60,male
7,3,34,2.8,0.22,-0.05,P,1,3,-62,female
2,5,NA,3.3,-0.31,-0.44,P,1,3,-60,female
7,6,27,3.2,-0.37,-0.42,F,1,2,-42,female
7,3,39,2.8,0.39,0.71,P,1,4,-58,male
7,4,42,2.8,-0.94,-0.62,F,1,3,-59,male
7,1,40,3.3,NA,NA,P,1,3,-60,female
2,6,21,NA,-0.98,-0.31,F,1,1,-53,male
7,2,39,2.8,-0.38,-0.48,F,1,3,-59,female
7,3,27,2.4,-1.11,-0.88,F,2,4,-42,male
6,1,35,2.9,-1.56,-1.77,P,1,1,-66,male
3,1,23.5,2.6,-1.79,-1.79,F,1,3,-59,female
7,1,35,3.4,-0.28,-0.55,F,1,1,-66,female
7,5,41,3.7,-0.81,-1.48,F,1,2,-56,female
3,1,30.5,3.2,-1.92,-1.36,F,1,4,-62,female
7,4,46,3.6,0.66,0.61,P,1,4,-62,male
7,4,33,3.5,0.96,0.97,P,1,2,-58,male
7,3,30.5,3.1,0.87,0.81,P,1,4,-61,male
7,4,34,3.5,0.35,0.76,P,1,2,-60,male
7,3,39,3.6,0.62,1.1,P,1,3,-62,female
7,3,39,4,1.25,1.94,P,1,2,-62,female
2,3,31,3,-0.39,-1.04,P,1,3,-56,male
7,3,39,3,-1.64,-1.93,F,1,5,-60,male
7,3,28.3,2.8,-0.93,-0.92,F,1,3,-59,male
7,5,38,3,-0.26,NA,P,1,4,-59,male
7,3,40,3.1,-1.22,-1.13,F,1,4,-62,female
7,2,42,3.5,0.51,0.93,P,1,3,-62,male
3,3,23,2.7,-1.39,-1.73,F,1,3,-61,male
7,1,48,3.3,0.97,NA,P,1,3,-59,male
7,1,39,3.2,-0.51,0,P,1,4,-62,male
7,1,41,3.3,0.22,-0.08,P,1,4,-61,male
7,1,31,3.5,-1.54,-1.86,F,1,3,-52,female
3,6,15,2.1,-0.61,-0.49,F,1,3,-57,female
7,3,43,3.5,1.67,1.65,P,2,4,-61,male
7,6,22,2.4,-0.9,-0.28,F,1,3,-60,male
7,3,35,2.9,1.36,1.77,P,2,2,-41,male
7,5,40.5,3.6,0.45,0.6,P,1,4,-60,female
7,5,48,3.8,0.54,0.82,P,1,3,-60,female
7,4,40,2.4,1.16,0.45,F,1,4,-59,female
7,3,33,3.8,-0.89,-0.72,P,1,4,-62,female
3,2,28,2.3,NA,NA,F,1,3,-56,male
7,3,34,2.9,-0.61,-1.37,F,1,4,-59,male
7,3,38,3,-0.69,-0.73,P,1,3,-62,female
7,3,37,3.6,1.13,1.54,P,1,3,-62,female
4,3,30,2.8,-1.48,-1.6,F,1,4,-55,female
7,3,27,3.6,-0.75,-1.01,P,1,3,-57,female
7,4,35,2.6,-1.05,-1.44,F,2,3,-62,female
7,1,35,3.6,-0.56,-0.21,P,1,3,-59,female
7,1,44,3,-0.28,-0.04,P,1,4,-61,male
7,1,39,3.1,-1.23,-1.42,F,1,2,-55,male
7,1,37,3.5,0.87,0.81,P,1,3,-62,female
7,3,36,2.1,1.57,0.95,P,2,3,-61,male
8,5,33,3.2,NA,NA,F,1,4,-62,female
7,1,42,3.1,0.17,0.11,P,1,4,-59,male
7,4,31,3.2,0.78,1.12,P,1,4,-62,female
2,5,43,3.4,0.06,NA,P,1,2,-60,male
7,3,39,2.8,1.36,1.55,P,1,4,-61,female
7,3,30.5,3.1,-1.52,-1.7,F,1,3,-42,female
7,3,32.5,3.2,-0.29,-0.25,F,1,3,-61,female
7,2,39,2.7,-0.28,-0.28,F,1,4,-62,female
7,1,36,3.5,-0.87,-1.34,F,1,3,-51,male
3,1,32,2.4,-1.01,-1.2,P,2,3,-61,female
7,2,35,2.6,-0.37,-0.53,F,1,3,-53,female
7,3,36,3.5,-1.45,-0.93,F,2,4,-60,female
7,1,42,2.8,-0.89,-1.39,P,1,2,-65,male
7,1,39,3.3,-0.04,0.17,P,1,1,-46,male
4,4,38,3.4,-0.87,-1.26,P,1,4,-59,female
3,5,29.5,2.7,-1.84,-2.2,F,1,5,-62,male
7,3,37,3,0.51,0.26,F,1,4,-64,female
1,1,29,2.9,-1.36,-1.66,F,1,2,-55,female
7,5,42,3.8,-2.09,-2.18,P,1,4,-62,male
3,1,24.7,2.9,-0.45,-0.32,F,2,3,-56,female
7,1,34,3.6,-1.87,-1.34,P,1,4,-67,female
2,4,25,2.5,-1.86,-2.4,F,1,1,-37,male
3,6,23.3,2.7,-1.56,-1.95,F,1,3,-60,female
7,3,39,2.6,0.43,1.34,P,1,2,-54,male
3,6,22,2.5,-0.47,-1.87,F,1,3,-57,male
3,5,35,3.3,-1.66,NA,P,1,4,-62,female
7,3,32,2.8,-1.36,-1.17,F,1,4,-61,male
7,3,31,3.2,-1.56,-0.74,F,1,2,-59,female
7,3,33,3.4,-1.41,-1.54,F,1,4,-61,male
7,5,39,3.5,0.86,0.86,P,1,5,-62,female
7,1,36,2.9,-0.95,-1.42,F,1,5,-47,female
4,1,32,2.8,-1.32,-1.62,F,1,4,-60,female
7,3,39,2.5,1.64,1.82,P,2,3,-51,male
7,1,32,3,-1.68,-2.06,F,1,2,-36,female
6,3,24,2.9,-1.38,-1.27,F,1,2,-59,female
3,6,26,3.1,-0.05,0.17,F,1,2,-61,male
7,4,34,3,-1.85,-1.53,F,2,3,-51,male
7,1,45,3.4,0.97,1.27,P,1,5,-60,male
7,3,39,2.9,0.02,-0.45,F,1,4,-57,female
7,5,43,3.4,-0.01,0.73,P,1,5,-62,female
7,1,39,3.1,1.03,0.87,P,1,1,-54,male
7,3,39,3.6,1.3,1.13,P,1,4,-62,female
2,6,30,2.8,-0.69,-0.79,F,1,4,-62,male
7,1,30.5,3.6,0.15,-0.24,P,1,3,-48,female
7,1,39,3.7,-1.13,-0.53,F,1,3,-44,female
3,6,31,2.2,0.18,-0.11,F,1,2,-38,male
4,1,26,3.6,-1.23,-1.41,F,1,3,-61,male
7,6,34,3.1,-1.16,-1.01,F,1,3,-60,male
7,4,27,3.6,-0.98,-1.32,P,1,4,-61,male
8,3,35,2.4,0.83,0.27,P,1,5,-61,male
2,3,30,2.8,-0.61,-1.26,F,2,3,-64,male
7,4,43,3.5,-0.83,0.18,P,1,1,-44,female
7,3,39.5,3.2,0.03,0.1,P,1,4,-61,female
7,3,39,2.7,-0.28,-0.66,P,1,4,-62,male
7,1,39.5,2.9,-1.22,-0.81,P,1,4,-61,female
7,3,35,3,0.84,1.54,P,1,2,-41,female
7,4,33,3.8,-0.28,0.48,P,1,3,-62,female
7,1,37,3.7,1.07,1.41,P,1,4,-58,male
7,3,36.5,3.4,-1.47,-1.4,F,1,4,-61,male
7,3,36,3.1,-0.1,-0.36,P,1,4,-61,male
3,6,28,2.2,-0.65,0.11,F,1,4,-56,male
7,2,34,3.3,NA,NA,P,1,4,-62,female
7,3,39,NA,-0.09,-0.36,F,2,4,-49,male
7,4,46,3.9,0.2,0.1,P,1,4,-62,male
6,3,37,3.9,2.22,2.55,P,2,3,-58,female
7,1,39,3.1,-1.76,-1.44,F,2,2,-52,female
1,6,24,2.6,-1.53,-0.65,F,1,2,-60,female
5,3,33,2.4,-0.75,-0.86,F,1,3,-58,female
7,3,38,2.8,-0.74,-1.3,F,1,4,-49,male
7,1,37,3.6,0.03,0.45,P,1,3,-48,male
3,6,22,3.1,1.29,0.3,F,1,3,-57,male
7,3,44,2.7,0.35,0.13,P,1,5,-62,male
3,3,25,2.7,-1.08,-1.3,F,2,1,-51,female
7,2,34,2.5,-1,-1.32,F,NA,3,-37,male
6,3,34,3.1,-0.73,-1.8,F,1,3,-63,female
3,3,28,2.1,-1.06,-1.97,F,1,3,-63,female
7,3,26,2.9,-2.09,-1.07,F,1,5,-62,male
7,4,45,3.5,-1.7,-1.38,P,1,4,-61,male
7,3,35,3.7,1.38,1.57,P,1,4,-61,male
7,3,40,3.9,0.44,1.12,P,1,4,-62,female
3,6,21,2.1,-0.1,-1.28,F,1,NA,-56,female
3,6,26,2.4,NA,NA,F,1,2,-56,female
7,4,33.5,2.7,-0.23,-0.48,F,2,4,-54,male
3,1,31.5,2.6,-0.75,-1.26,F,1,4,-59,male
7,3,35,2.9,-1.24,-1.32,P,1,4,-40,female
7,3,26.5,3.2,-1.66,-1.12,F,1,4,-54,male
1,1,24,2.6,-0.8,-1.27,F,1,3,-58,male
7,6,29,3.5,-0.08,-1,F,1,3,-60,female
7,1,29,3.9,NA,-0.98,F,1,4,-62,female
7,3,33,3,0.32,0.55,P,1,4,-67,male
7,3,37,2.9,-0.46,-0.41,P,1,4,-62,female
7,4,34,3.2,-0.01,0.41,P,1,1,-60,male
7,1,36.3,3.5,-0.56,-0.79,F,1,2,-61,male
7,5,34,3.1,NA,NA,F,1,4,-56,female
7,1,40,3.6,0.72,0.41,P,1,4,-62,male
7,1,38,3.2,0.19,0.1,P,1,2,-59,female
7,5,41,2.6,0.09,-0.1,P,1,5,-61,male
7,2,26,3.2,-0.27,0.24,P,1,2,-61,female
7,3,36,2.9,0.63,0.34,P,1,3,-61,male
7,3,37.5,3.5,-0.21,-1.15,F,1,3,-62,female
7,5,43,3.7,1.28,1.35,P,1,4,-62,male
3,1,27,3.3,-1.76,-1.84,F,1,3,-62,female
6,4,41,3.8,0.23,1.15,P,1,3,-59,female
7,6,35,3.7,1.1,1,P,1,3,-56,male
7,3,39,2.4,-0.55,-1.16,F,1,2,-66,male
7,4,48,3.5,-1.17,-1.57,F,1,3,-62,male
7,1,41,3.2,-0.29,-0.73,P,1,3,-63,female
3,1,25,2.5,-1.65,-1.8,F,1,4,-36,female
7,3,36,2.6,-0.57,NA,P,1,4,-66,male
4,1,32,2.7,-1.04,-1.52,F,1,3,-63,female
7,2,40,3.5,1.03,1.28,P,1,5,-63,female
7,3,44,2.2,-0.29,-0.89,F,1,3,-61,male
7,3,39,2.5,0.88,0.1,F,1,4,-57,male
5,4,29,3.2,-0.99,-0.88,F,1,3,-62,male
7,2,38,2.5,-1.12,-1.37,F,1,4,-58,male
7,4,37,4,1.23,1.36,P,1,2,-58,female
7,4,35.5,3.6,-1.23,-0.98,F,1,4,-59,male
7,4,42,2.9,NA,-1.25,F,1,3,-62,female
7,2,27,3.6,-0.2,0.23,P,1,3,-61,male
7,1,48,2.6,-0.55,-0.85,P,1,4,-65,male
7,NA,33.7,3.2,1.43,0.95,P,2,3,-60,male
6,3,30,2.9,-0.99,-1.07,F,1,5,-59,female
2,3,37,3.4,-0.68,-0.71,P,1,4,-62,female
4,5,37,3.3,-1.07,-1.18,F,1,1,-56,male
7,3,40.5,2.5,-0.15,-0.02,P,1,4,-61,male
3,3,29,2.4,-2.26,-1.98,F,1,3,-62,male
7,3,37,2.3,1.04,0.6,P,1,2,-61,male
7,3,47,2.2,-0.86,-1.99,F,1,4,-57,female
7,3,35,3.3,-0.2,-0.1,P,1,3,-62,female
7,NA,17,3.5,0.2,-0.55,F,2,2,-60,male
7,NA,21.5,2.6,-0.07,NA,P,1,3,-53,male
7,6,33,2.8,NA,NA,F,1,4,-62,female
3,1,22,2.6,-0.99,-1.42,F,1,3,-61,female
7,3,39,2.3,-0.03,-0.26,P,1,5,-59,male
7,3,35,3.7,-0.79,-1.59,F,1,3,-52,male
2,2,29,3,-1.56,-1.75,F,1,3,-62,male
7,1,31,3.8,-0.45,-0.68,P,1,2,-48,male
7,3,40,2.4,1.27,0.13,P,1,4,-66,female
7,3,42,4,0.07,0.79,P,1,2,-61,female
7,4,39,3.7,-0.29,0.38,P,1,3,-62,male
7,3,36.5,3.1,-0.56,-0.63,P,1,4,-62,male
7,3,35,2.4,0.53,0.23,P,1,2,-56,male
7,1,34,3.3,-0.75,0.25,P,2,2,-63,female
7,3,32,2.9,1.1,0.57,P,1,5,-62,female
7,4,38,3.3,1.52,1.54,P,2,3,-58,male
7,4,38,3,-1.68,-1.85,F,1,NA,-61,male
7,3,34,3.1,0.8,0.73,P,1,3,-62,female
3,3,25,2.5,-0.52,-0.71,F,1,2,-47,male
7,4,30.5,2.7,-0.32,-0.73,F,2,3,-46,female
7,1,33,3.8,0.39,0.26,F,1,4,-61,male
3,1,25,2.4,NA,NA,F,1,2,-57,male
7,3,35,3.3,0.78,1.02,P,1,5,-59,male
7,2,36,2.9,0.13,-1.44,F,1,4,-61,female
7,1,37,3.6,-1.31,-1.45,F,1,4,-62,male
7,1,41,3,-2.03,-1.09,P,1,4,-63,female
7,1,42,3.8,0.77,0.88,P,1,4,-62,male
7,2,28.5,3.4,-0.61,-0.09,F,1,4,-61,male
3,1,31.5,3.2,-1.49,-1.29,P,1,4,-62,male
7,1,40,3.3,0.36,0.93,P,1,4,-60,female
7,1,35.5,3.6,-1.52,-0.69,P,1,3,-62,female
7,4,38,3,-0.69,-0.61,F,1,3,-61,female
7,1,37,3.3,0.63,0.19,P,1,3,-61,female
7,1,33.5,3.4,-0.43,-0.74,P,1,5,-62,male
7,6,25.5,3.5,NA,NA,P,1,3,-55,female
7,6,32.5,3.1,NA,NA,F,1,4,-60,male
3,3,28,3.1,-0.85,-1.11,F,1,3,-62,male
7,3,36,3.6,1.21,1.24,P,1,3,-56,female
7,3,41,2.7,-1.32,-1.64,F,1,4,-61,male
2,6,31,2.7,0.14,0.09,F,1,5,-63,female
7,2,28,3.1,0.9,-0.32,F,2,4,-60,female
7,1,43,3.6,0.92,0.79,P,1,2,-55,male
7,1,41,3.5,-0.86,-0.79,F,1,4,-62,female
3,1,24,3.3,0.18,-0.93,F,1,1,-51,male
3,4,22,3,-2.01,-3.21,F,1,3,-58,male
6,1,29,2.8,-1.75,-2.04,F,1,3,-67,male
7,1,44,3.4,1.45,1.5,P,1,2,-49,female
3,6,27,2.9,-0.58,-1.11,F,1,2,-58,male
7,3,36,2.9,-0.92,-1.52,F,1,4,-59,male
3,3,25,3.6,-1.94,-1.62,F,1,3,-57,female
7,4,42,3.7,0.67,0.32,P,1,5,-61,male
2,1,33,3.3,-0.65,-0.99,F,1,3,-59,female
7,3,34,3,-0.6,-1.1,F,1,2,-58,male
2,5,40,3.7,-1.66,-2.11,F,1,5,-62,female
7,1,36,2.8,0.14,-0.02,P,1,4,-55,male
7,3,40,2.5,1.38,1.22,P,1,3,-61,male
7,2,34,2.5,-0.4,-1.09,F,1,4,-61,male
7,1,40,3.2,-2.25,-1.83,P,1,3,-45,female
7,4,34,3.2,0.82,0.38,P,1,3,-61,male
7,3,37,2.5,-0.1,-0.42,P,1,4,-62,male
7,1,37,4,0.21,0.36,P,1,4,-61,male
2,4,41,3.1,0.08,-0.45,F,1,4,-61,female
7,3,35,3.2,-0.15,-0.97,F,1,NA,-60,female
7,3,37,3,-0.61,0.03,P,1,4,-58,male
2,1,37,2.9,-1.45,-1.55,F,1,3,-61,male
3,1,28.3,2.4,-2.18,-1.93,F,1,1,-65,male
7,4,41,3.7,1.14,1.3,P,1,4,-62,male
7,4,34.5,2.5,1.3,0.68,P,1,5,-62,female
7,1,35,3.8,NA,NA,F,1,3,-61,female
7,3,37,3,0.62,0.19,P,1,3,-61,male
7,1,39,3.1,1.84,2.12,P,1,5,-56,male
7,3,34,3.8,0.14,1.41,P,1,3,-62,male
5,3,21,3.4,-0.27,-2.12,F,1,3,-60,male
7,4,45,3.3,-0.18,-0.16,P,1,3,-49,female
3,4,32,2.4,-1.17,-1.16,P,1,3,-64,male
7,4,44,3.2,-0.49,-0.7,P,1,5,-53,male
7,3,38,2.6,-0.33,-0.51,F,1,4,-60,male
7,4,36,3,-0.57,-0.76,F,1,4,-60,female
3,4,NA,2.9,-1.42,-1.41,F,1,2,-56,female
7,6,27.7,2.6,-0.15,-0.19,F,1,4,-60,male
3,4,19,2.4,-1.26,-1.91,F,2,3,-64,male
7,4,32,3.1,0.78,0.15,F,2,3,-51,male
7,3,39,3.5,2.34,2.5,P,1,5,-61,male
7,4,40,3.7,-0.04,0.06,P,1,3,-60,male
7,1,40,2.9,0.21,0.28,P,1,3,-61,female
7,1,43,3.8,1.76,1.63,P,1,3,-62,female
7,3,35,3,-0.95,-1.09,F,1,3,-62,male
7,3,30,2.7,0.9,0.28,F,2,4,-60,male
7,3,34,3.3,-0.47,-0.97,F,1,4,-62,female
7,3,38,3.4,0.81,0.58,F,1,4,-54,female
3,3,25,3.2,-1.6,-2.03,F,1,3,-66,female
7,4,45,3.7,-1.47,-2.52,F,1,2,-62,female
7,3,31,3.3,-1.02,-1.25,F,1,4,-59,female
3,6,22,2.8,0.64,-0.55,F,1,3,-44,male
7,3,31.5,2.4,-2.02,-2.53,F,1,4,-40,female
7,4,41,3.5,-0.92,-0.22,P,1,3,-62,male
7,1,40,3.8,2.44,2.43,P,1,4,-44,female
7,2,40,2.9,-0.64,-1.43,F,1,4,-61,female
3,6,19,2.5,0.05,-0.76,F,1,2,-60,female
4,5,36,2.5,0.12,-0.13,P,1,4,-59,male
7,2,36,2.8,0.24,0.52,F,1,5,-53,male
3,1,42,3,-2.14,-2.26,F,1,4,-64,male
7,3,32,3.8,1.26,1.24,P,1,4,-60,female
7,1,44,3.1,1.97,2.23,P,1,3,-51,male
7,3,32,3.5,-0.91,-1.1,P,1,2,-51,female
3,2,24,2.7,0.73,0,P,2,3,-48,female
7,3,28,3.2,-2,-2.36,F,1,4,-66,female
2,4,44,3.7,0.34,0.09,P,1,4,-63,female
3,NA,18,3.3,-2.12,NA,F,2,3,-54,male
7,3,30,3,-0.33,-0.29,F,1,5,-61,female
7,5,45,3.6,-0.78,-0.51,P,1,5,-61,female
7,3,37,3.8,1.85,1.97,P,1,2,-55,male
3,6,17,3,-0.68,-0.82,F,1,2,-61,male
7,4,47,3.2,1.11,1.03,P,1,1,-55,male
7,3,33,3.1,-0.7,-1.33,F,NA,4,-41,female
7,3,35,3,-0.39,-1.03,P,1,3,-59,male
7,4,43,3.5,-0.49,0.06,P,1,4,-63,female
5,5,30,3.4,NA,NA,F,1,3,-63,female
2,1,36,3.4,-0.25,-0.15,F,1,3,-59,male
3,6,24,2.4,-0.36,-1.17,F,1,2,-56,male
7,4,33,2.4,1.59,0.65,F,2,4,-21,male
7,1,24.7,3,0.12,-1.34,F,1,3,-60,female
7,3,33.5,3.2,0.87,0.01,P,1,4,-61,female
3,6,28,3,1.09,-0.24,F,1,4,-61,female
2,3,29,3.5,-1.35,-2.2,F,1,3,-59,female
2,1,27.7,NA,-1.67,-1.19,F,1,3,-50,female
6,4,41,2.8,-1.51,-1.65,F,1,5,-65,male
7,6,39.5,2.6,1.52,1.82,P,2,3,-45,male
7,3,43,3.3,1.35,1.58,P,1,4,-62,female
7,2,35,3.1,-1.04,-0.66,F,1,4,-61,male
8,3,35.3,3.3,0.22,-0.14,F,1,3,-58,male
4,1,32,2.6,-0.04,-0.43,F,1,3,-58,male
7,1,31,3.4,0.49,0.53,P,1,3,-67,female
3,6,31,1.8,0.95,0.09,F,1,2,-53,male
7,2,37,4,0.94,1.36,P,1,4,-62,female
7,3,36,2.6,-0.52,-1.35,F,1,4,-66,female
7,3,33,3.2,-0.48,-1.2,P,1,3,-60,male
7,3,39,3.1,0.63,-0.64,F,1,3,-60,male
6,2,32.5,2.9,-1.04,-1.84,F,1,3,-62,male
7,3,32,3,-0.42,0,F,2,4,-55,female
7,2,32,3.3,-0.39,-1.37,F,1,4,-61,female
3,6,23,3.3,-1.72,NA,F,1,3,-67,female
7,4,44,3.7,0.27,0.02,P,1,2,-62,male
3,3,27,2.7,-1.83,-1.92,F,1,3,-60,female
7,3,44,3.4,0.54,0.61,P,1,3,-62,female
7,4,37.7,3.3,-0.92,-0.55,F,1,4,-60,male
7,3,28,3.3,1.43,1.57,P,1,4,-61,male
7,3,43,2.7,-0.98,NA,F,1,4,-61,female
7,2,43,3.2,-0.84,-0.93,F,1,1,-52,male
7,3,37,3.3,-0.32,-0.48,P,1,4,-62,female
7,3,34,3.5,-0.38,0.12,P,1,2,-61,male
7,6,28,3.3,1.16,0.54,F,1,2,-61,male
3,3,24,3.3,-0.73,-0.43,F,1,3,-43,female
3,3,25,3.7,-0.23,-0.75,F,1,1,-56,female
3,4,29.5,3.7,-1.77,-1.91,P,1,4,-61,male
7,5,42.5,3.7,1.14,1.04,P,1,4,-62,male
7,3,41,2.6,-0.69,-0.73,P,1,3,-60,male
7,4,34,3.5,-1.43,-1.42,F,1,5,-62,female
7,3,35,2.8,-1.7,-1.16,F,1,3,-62,male
6,3,48,3.8,0.84,0.01,F,1,4,-63,female
3,1,23,2.8,-2.23,-2.2,F,1,3,-60,female
2,4,30,3.9,-0.45,-0.86,F,1,3,-62,female
2,1,35,3.4,-1.09,-1.46,F,1,3,-61,female
3,4,39,2.5,-0.89,-1.2,F,1,3,-63,female
7,3,38,2.5,0.52,0.96,P,1,4,-50,female
7,3,30,3.5,-1.04,-1.32,F,1,3,-59,female
2,4,30,3.3,-0.41,-0.7,F,2,4,-59,male
7,4,42,3.6,2.02,2.17,P,1,3,-66,male
3,5,44,3.2,NA,0,F,1,NA,-62,male
7,1,40,3.8,0.84,0.69,P,1,2,-61,female
7,2,NA,3.2,0.55,1.16,P,2,4,-60,female
7,3,36,3.4,0.71,0.66,P,1,3,-62,male
7,5,35,2.9,-0.14,-0.19,P,1,4,-61,male
1,1,32,2.9,-1.22,-1.09,F,1,3,-62,female
7,1,39,3.5,-0.68,-0.36,P,1,2,-53,male
6,2,28,3,-0.16,-0.6,P,1,3,-62,male
6,3,29.5,2.6,-2.02,-1.64,F,1,3,-58,female
7,4,46,3.6,-0.29,-0.88,F,1,4,-62,male
7,1,37,3.7,-1.92,-1.77,F,1,4,-62,male
7,3,40,3,0.86,1.22,P,1,4,-59,male
7,3,33,3.3,0.55,1.06,P,1,3,-62,male
7,4,37,3.4,0.56,0.95,P,1,4,-62,male
7,4,40,3.1,1.23,0.54,P,1,4,-61,male
7,2,35,2.8,1.57,1.35,F,1,3,-59,female
7,5,40,3.3,-1.11,-2.05,P,1,3,-68,male
7,4,39,2.9,-0.16,0.47,P,1,3,-58,male
7,1,35,3.5,0.37,0.61,P,1,3,-62,female
2,4,41,2.7,-0.45,-0.83,P,1,3,-60,male
6,4,36,3,-0.51,-1.03,F,1,5,-61,male
7,4,37,3.2,-0.42,-1.41,P,1,3,-44,female
7,3,36,3.2,-0.84,-0.92,P,1,4,-64,female
7,4,46,3.8,-0.97,-1.11,P,1,3,-62,male
7,3,36,3.9,1.13,0.93,P,1,3,-62,female
7,3,36,2.7,0.2,-0.02,P,1,4,-62,male
7,1,42,3,0.78,0.55,P,1,5,-48,female
3,6,22,2.9,0.67,-0.08,F,1,2,-59,female
8,3,31.5,2.8,1.09,1.51,P,1,4,-57,male
7,4,39,3.6,1.04,0.91,P,1,3,-62,male
7,4,38,2.5,-0.36,0.63,F,2,1,-54,male
2,1,25.5,3.3,-0.91,-1.01,F,1,3,-58,male
7,6,31.5,2.9,NA,NA,F,1,4,-60,male
7,1,45,3.6,-0.4,-1.12,P,1,4,-60,female
7,2,32,3.3,-0.71,-0.64,F,1,2,-53,female
6,6,25,2.4,-0.42,-1.25,F,1,4,-60,male
7,5,42,2.4,1.55,0.06,P,1,3,-60,male
7,1,34,3.5,-0.05,-0.56,P,1,3,-60,male
7,2,32,3,0.93,1.83,P,1,1,-58,male
7,3,34,3.2,-0.76,-1.29,F,1,4,-65,male
7,4,37,2.7,-0.29,-0.62,F,2,2,-52,male
6,3,30,3.3,-1.81,-1.07,F,2,3,-65,male
7,1,33,3.6,0.24,0.11,P,1,4,-62,female
7,1,36,3.3,0.96,0.82,P,1,4,-61,female
7,4,48,3.6,0.29,0.13,P,1,5,-61,male
2,3,33,2.8,-0.89,-1,P,1,5,-58,female
3,3,26,3.6,-1.74,-1.8,P,1,1,-62,female
7,4,44,3.2,-1.69,-2.04,F,1,3,-57,male
3,3,18,3.5,-1.14,-0.5,P,2,1,-47,female
7,1,36,3.5,0.58,0.49,P,1,4,-62,male
3,3,30,2.1,-0.17,0.07,F,2,3,-52,female
7,3,39,3,-0.56,-1.53,F,1,3,-59,male
7,3,33,3.7,0.38,0.67,P,1,3,-61,female
7,1,33,3.1,1.08,0.29,F,2,4,-63,female
7,4,40,3.7,-0.84,-0.76,P,1,4,-60,female
3,3,28,3.3,-0.79,-1.02,P,1,2,-62,female
3,4,31,3,-1.05,-1.37,F,1,3,-50,female
7,4,37.5,3.2,-0.04,-0.75,F,2,4,-60,male
7,3,38,3.1,-0.1,0.26,P,1,1,-62,male
7,4,37,3.4,-0.26,0.04,F,1,2,-61,male
6,5,32,3.1,-0.85,-1.43,F,1,4,-60,female
7,3,35,3,-0.31,-0.67,F,1,3,-45,female
7,3,38,2.5,0.24,0.08,P,1,4,-58,male
4,6,25,2,0.28,-1.02,F,1,3,-57,male
7,3,29.5,3.3,-1.46,-1.93,F,1,3,-44,male
7,3,26.5,3.2,-0.62,-1.16,F,1,3,-55,male
7,3,42,3.2,0.99,1.12,P,1,3,-61,female
7,3,32,3.1,0.04,0.22,P,1,4,-62,female
7,3,37,3.2,-0.87,-1.02,P,1,4,-61,male
6,1,28,3.2,-0.67,-1.54,F,2,2,-56,female
7,1,37,3.6,0.61,0.93,P,1,3,-60,male
7,3,33,3.2,-0.07,0.05,P,1,4,-50,male
7,4,44,3.9,-0.61,-0.89,P,1,3,-62,female
7,5,45,3.4,1.37,1.71,P,1,4,-60,female
7,1,26.5,3.7,-0.26,-1.07,F,1,3,-61,female
7,3,38,3.2,-0.59,-0.14,P,1,3,-67,male
7,6,32,3.6,0.46,0.12,F,1,4,-61,female
7,3,38,3.4,-1.55,-2.02,F,1,3,-62,male
7,1,35,3,-1.18,-1.23,F,1,4,-56,male
7,2,33,2.5,-0.97,-1.15,F,1,3,-61,male
7,2,25,3.7,0.79,0.1,F,1,3,-61,female
2,3,29,NA,-0.99,-1.54,F,1,3,-36,female
7,2,37,2.6,0.15,0,P,1,4,-60,male
7,3,37,2.8,0.72,0.44,P,1,5,-60,female
7,4,37,2.9,-1.64,-2.09,F,1,3,-57,male
1,1,26,2.9,NA,NA,F,1,4,-66,male
7,1,38,3.3,1.31,1.59,F,1,4,-63,female
7,3,38,3.2,-0.55,-0.68,P,1,4,-62,female
6,3,34,3.3,-0.79,-1.63,F,1,3,-58,female
7,2,19,2.2,-1.03,-1.32,F,1,3,-50,male
3,4,35.5,3.6,-0.75,-1.38,P,1,2,-46,male
7,3,39,3.9,1.54,1.61,P,1,4,-66,female
2,4,40,3.7,1.59,1.75,P,1,3,-62,male
2,1,28,3.3,0.85,0.48,P,1,4,-62,female
7,3,35,2.9,0.87,0.88,P,2,3,-55,female
7,1,38,3.2,-0.28,-0.61,P,1,4,-60,female
8,2,20,3.3,-0.71,-0.52,F,2,1,-61,female
7,4,32,3,0.85,0.15,P,1,5,-58,female
7,3,32,2.7,-1.34,-1.69,F,1,5,-62,male
7,3,33,2.7,-0.03,-0.3,P,1,4,-58,male
7,4,37,2.9,-0.55,-0.36,F,2,NA,-60,male
7,6,26,2.9,NA,NA,F,1,3,-38,female
7,1,36,3.6,0.42,0.42,P,1,4,-60,female
2,4,36,3.7,-1.57,-0.94,F,2,2,-49,male
7,3,34,3.2,0.76,1.01,P,1,4,-61,female
7,3,29.5,3.6,0.47,0.36,P,1,4,-57,male
1,3,25,3.4,-1.77,-1.63,F,1,3,-62,male
7,2,31,3.3,-0.86,-0.61,F,1,4,-61,female
3,6,21.5,2.9,0.72,-0.43,F,1,3,-62,male
7,3,37,3.7,0.96,1.12,P,1,4,-60,female
7,1,35,3.2,-1.14,-0.91,F,1,4,-62,female
7,4,43,3.1,NA,NA,P,1,3,-62,male
1,6,27,2.6,-0.46,-1.32,F,2,2,-57,female
7,2,32,3.5,1.06,1.05,P,1,3,-60,male
7,3,34.5,2.9,-0.5,-0.85,F,1,2,-46,female
6,1,27,3.1,0.16,-0.15,P,1,4,-61,female
7,1,46,3,1.42,1.58,P,1,2,-59,female
2,2,30,3,-0.51,-0.64,F,1,4,-61,female
7,4,42,3.5,0.25,0.4,P,1,4,-52,male
7,3,29,3,-1.38,-1.03,F,1,3,-53,female
7,3,38.5,3.3,1.35,1.64,P,1,4,-60,male
7,1,37,3.1,-1.17,NA,F,2,4,-51,male
7,3,28.5,2.7,-0.14,0.57,P,2,5,-66,male
7,3,34.3,2.6,-0.58,-0.68,F,1,4,-60,male
7,2,33.5,3.8,0.28,-0.02,F,1,3,-62,female
7,4,34,3.4,-0.44,-0.91,F,1,4,-60,male
7,4,33,3.9,-0.48,-0.68,F,1,3,-53,male
7,3,24,3.1,-1.86,-1.84,F,1,3,-41,female
6,2,27,3.2,-1.33,-1.2,F,1,2,-57,female
3,6,26,3.6,0.03,0.34,F,1,3,-62,female
4,4,33,2.7,-1.52,-1.49,F,1,4,-61,female
7,3,46,3.4,0.79,1.33,P,1,4,-61,female
6,3,39,2.6,-1.02,-1.33,F,1,2,-57,female
4,3,31,2.8,-0.23,-2.15,F,1,3,-65,male
7,3,34,3,-0.85,0.73,P,1,3,-54,male
7,3,37,3.3,-0.47,-0.09,P,1,4,-62,female
7,3,36,3.1,-1.06,-0.2,P,1,2,-58,male
3,4,40,2.9,-1.44,-1.82,F,1,3,-62,male
7,1,27.5,3,-0.7,-1.09,F,1,3,-55,female
8,1,37,3.5,-1.35,-1.05,F,1,2,-61,female
8,5,32,3.6,NA,NA,F,1,3,-45,male
2,4,23,3.2,-1.37,-2.05,F,1,2,-61,female
5,5,40,3.2,-0.34,-0.36,P,1,2,-52,male
7,3,43,2.2,-0.08,-0.56,P,2,4,-53,male
2,3,24,NA,-1.14,-1.09,P,1,4,-57,male
7,NA,25,2.6,-0.58,-1.6,F,2,2,-65,female
1,1,32,3.3,NA,0.16,F,1,4,-49,male
7,2,31,3.5,-0.53,-0.45,F,1,3,-62,male
7,3,40,2.8,-0.59,-0.27,F,1,3,-55,female
7,3,37,3,-1.21,-1.08,P,1,4,-62,male
7,3,32,2.7,0.16,-1.39,F,2,4,-61,male
3,5,29.5,3.3,-1.21,-1.76,P,1,3,-62,female
7,5,45,3.4,-0.5,-0.65,P,1,2,-58,female
7,2,33,2.6,0.01,-1.12,F,1,4,-60,male
7,4,32,3.4,-0.28,-0.24,P,1,4,-62,male
7,1,38,3.3,0.5,-0.12,P,1,3,-54,male
7,3,35,3.4,1.52,1.67,P,1,2,-59,female
7,5,45,3.8,NA,0,P,1,3,-62,male
7,1,37,3.3,NA,0.68,P,2,2,-60,female
7,1,37,3.3,1.1,1,P,1,4,-61,female
7,1,47,3.1,NA,NA,F,1,5,-62,male
7,2,31,3.4,-0.21,-0.71,P,1,4,-67,female
7,3,33,3.8,-0.55,-0.11,P,1,4,-63,female
7,2,39,2.7,0.01,-0.5,F,1,2,-62,female
7,1,23.5,NA,NA,NA,F,1,3,-41,male
7,4,37,2.8,0.54,0.46,P,1,3,-61,female
7,2,33,3.2,1.2,1.09,P,1,4,-62,female
7,1,38,3.5,0.16,-0.47,F,1,4,-62,female
7,3,33,3.8,-1.54,-1.42,F,2,3,-66,female
7,2,33,3,-1.51,-0.84,F,1,4,-62,male
3,3,28.5,3,-1.35,-1.67,F,1,1,-60,male
7,3,32,3.6,0.41,0.14,P,1,4,-61,female
7,3,35.5,3.1,-1.87,-2.36,F,1,4,-61,male
7,4,42,3.5,-0.72,-1.4,P,1,4,-62,female
7,4,35,3.4,-0.32,-0.17,F,1,4,-61,female
7,1,40,3.3,0.69,1.31,P,1,3,-54,male
7,3,37,3.5,0.64,0.56,P,1,4,-61,male
6,1,42,3.7,-1.81,-1.34,P,1,5,-61,female
7,3,31,3.1,1.87,1.05,P,1,4,-59,female
7,3,41,3,0.16,0.49,F,2,3,-59,male
7,5,42,3.6,-0.45,-1.06,F,1,3,-63,male
4,3,31,3,-1.53,-1.17,F,1,2,-48,male
7,3,41,3.5,-0.02,-0.66,P,1,3,-64,male
3,1,28,2.4,-0.04,0.13,F,1,4,-61,female
2,5,39,3.5,1.5,1.08,P,1,2,-61,male
4,1,26.5,3,-1.54,-1.59,P,1,1,-62,female
7,6,17,3.1,NA,NA,F,1,3,-58,female
7,2,28.5,2.9,-1.13,-0.87,F,1,3,-61,female
7,4,41,3.6,-1.13,-1.68,F,1,3,-66,female
7,3,35,3.4,0.39,0.13,F,1,4,-62,male
7,1,34,3.9,1.12,0.77,P,1,3,-65,male
2,3,31,3.6,-1.13,-1.61,F,1,4,-62,male
7,3,38,2.8,-1.39,-1.94,P,1,5,-67,male
7,6,38,3.8,1.56,1.84,P,1,3,-56,female
7,3,31,3.6,-0.03,-0.63,F,2,4,-61,male
7,1,39,3.2,-1.48,-1.54,P,1,5,-61,male
7,4,45,3.8,-1.31,-1.34,F,1,3,-58,male
3,6,29.5,2.3,-1.24,-0.97,F,1,4,-56,female
7,3,38,2.9,-1.78,-2.02,F,1,3,-62,male
7,1,39,3,-0.82,-0.95,P,1,4,-62,female
3,3,30,2.8,-0.55,-1.14,F,1,3,-62,female
7,5,44,3.9,0.38,0.85,P,1,4,-62,male
2,3,33,3.5,0.16,-0.09,P,1,4,-60,male
7,3,32.5,2.7,1.02,0.08,P,1,4,-60,male
7,4,32,3.1,-1.07,-0.61,F,2,3,-39,female
7,1,35,2.9,0.25,0.02,P,1,4,-51,male
7,1,37,3.1,0.57,-0.05,P,1,4,-61,female
7,3,34.5,2.9,0.52,0.55,P,1,4,-61,male
3,6,20,2.7,-0.93,-1.69,F,1,4,-67,female
7,4,42,3.7,0.04,0.1,P,1,3,-58,female
7,1,40.5,3.2,-0.79,-0.76,P,1,4,-60,female
7,3,34,4,1.01,1.23,P,1,4,-61,female
2,3,34.5,2.7,-1.27,-1.6,F,1,4,-61,male
7,3,29.3,3,-0.69,-0.8,P,1,4,-60,male
2,2,35,3.3,-0.65,-1.04,F,1,5,-62,male
7,1,40,3.7,0.85,0.64,P,1,3,-57,male
7,3,37,2.7,0.15,0.8,P,2,4,-60,male
7,3,31.5,3,0.35,-0.4,P,1,2,-62,male
7,4,45,3.1,-0.37,-0.48,P,1,3,-61,male
7,2,36,3,1.27,1.12,P,1,2,-45,male
3,1,25,2.1,-2.54,-2.96,F,1,2,-41,male
7,3,32.5,2.8,-0.28,0.32,F,1,3,-60,female
3,6,26.5,1.8,-0.58,-1.49,F,1,2,-62,male
3,4,34,2.8,-1.63,-1.45,F,1,3,-66,male
4,4,28.5,2.6,-0.64,-1.58,F,1,2,-60,male
7,1,38,2.9,-0.4,-0.02,P,1,3,-42,female
7,1,35,3.3,-0.94,-1.69,P,1,4,-61,male
7,3,26,3.2,-1.23,-1.68,F,1,3,-44,female
7,3,41,2.9,0.1,-0.12,P,1,3,-59,male
7,4,41,2.7,-1.92,-0.82,P,2,3,-54,male
7,3,38,3.1,1.29,1.33,P,1,4,-59,male
7,1,36,3.9,1.71,1.37,P,1,3,-60,male
7,4,45,2.7,-1.14,-1.35,F,2,3,-51,male
7,2,27.5,3.7,-0.92,-0.52,P,1,4,-38,female
3,1,30,3.8,-0.96,-1.52,F,1,3,-62,female
7,2,28,3.6,1.07,1.17,P,1,4,-62,female
6,3,31,3.6,-0.94,-1.1,F,1,4,-61,male
7,3,37,3.6,1.54,1.2,P,1,3,-67,male
7,3,43,2.3,-1.33,-1.7,F,1,3,-62,female
3,1,27,2.5,-2.06,-1.82,F,1,3,-62,female
6,3,25,3.1,-0.66,-0.86,F,1,3,-61,female
7,1,40,3.9,0.91,0.81,P,1,3,-63,male
7,3,40,2.6,-2.57,NA,F,1,4,-60,female
7,3,33,3.9,0.65,0.88,F,1,4,-61,female
7,3,37,3.7,NA,-0.76,P,1,4,-62,male
7,1,36,3.5,0.86,0.75,P,1,4,-61,female
2,3,26,2.5,-0.5,-0.74,F,1,4,-62,male
4,3,25,2.8,-1.58,-1.38,F,2,3,-58,male
7,4,47,3.4,1.34,1.75,P,1,4,-61,male
7,2,34,3.3,-0.98,-0.59,F,1,4,-62,male
7,4,40,3.4,-0.8,-1.39,F,2,3,-50,male
7,3,33,2.8,-1.02,-1.3,F,2,3,-57,female
7,3,36,3,-0.18,0.28,P,2,4,-63,female
7,4,43,3.4,0.81,0.72,P,1,4,-62,male
7,3,31.5,3.3,-0.4,-0.39,P,1,3,-57,male
7,4,42,3.4,0.77,0.94,F,1,4,-67,male
7,3,39,2.5,2.22,2.17,P,1,4,-58,male
4,1,29,3.1,-2.01,-2.22,F,1,3,-66,female
7,1,41,2.9,-0.61,-0.78,P,1,4,-60,male
7,2,32,3,0.07,-0.86,F,1,4,-53,female
7,1,29.5,2.7,-0.54,-1.27,F,1,3,-57,male
7,1,35,3.4,-0.58,-0.88,F,1,4,-62,female
7,6,33,2.9,NA,NA,F,1,3,-58,female
2,4,31.5,3.6,-2.14,-1.4,F,1,2,-67,female
7,4,45,3.6,0.23,0.5,P,1,4,-62,female
7,3,33,3.3,1.09,1.46,P,1,3,-62,male
7,2,34,2.8,-0.36,-0.19,F,1,2,-60,male
7,2,33,2.9,-0.48,-0.01,F,1,3,-61,female
3,1,26.5,2.8,-2.14,-1.4,F,1,2,-67,female
7,3,28,3.4,0.06,0.37,P,1,4,-62,female
7,1,36,2.9,-0.61,-0.6,P,1,2,-65,female
7,1,36,3.5,0.01,-0.19,P,1,3,-62,male
7,1,37,3.5,-0.55,-0.16,P,1,3,-62,male
7,3,33.5,2.6,-1.07,-1.14,F,2,4,-64,male
4,6,22,2.5,-0.86,NA,F,1,3,-62,male
7,2,31,3.2,1.3,0.97,P,1,5,-61,male
7,2,34,3.4,0.77,0.16,P,1,3,-62,male
7,2,32,3.4,0.46,0.83,P,1,4,-59,female
7,4,45,2.9,2.06,1.84,P,1,4,-64,female
3,1,36,2.7,-1.21,-1.41,F,1,3,-61,female
7,1,42,3.7,1.34,1.42,P,1,3,-63,male
6,2,24.5,3,-0.05,-0.48,F,1,3,-62,male
7,5,44,2.9,NA,NA,P,1,4,-62,male
7,1,42,2.7,-0.91,-0.45,P,1,4,-61,male
3,3,34,2.7,-1.9,-2.6,F,1,4,-62,female
7,2,28,3,-1.88,-1.41,F,1,4,-56,male
7,4,43,3.4,0.83,0.8,P,1,3,-53,female
2,3,35.5,3.2,-0.62,-0.49,P,1,2,-62,female
6,4,29,3.4,-0.3,-0.72,F,2,4,-55,female
7,3,34,2.9,-0.87,-1.51,F,1,3,-61,female
7,3,36.5,3.6,0.01,0.32,P,1,5,-67,male
7,3,29,3.5,-0.95,-1.53,F,1,4,-44,male
7,1,38,3.3,-0.32,-1.71,F,1,4,-61,male
7,1,34.3,2.8,-0.21,-1.59,F,1,4,-59,male
7,3,30.5,3.5,-0.63,-0.57,P,1,3,-62,male
4,1,26,3,-1.27,-1.28,P,1,3,-62,female
7,3,33,3.1,-1.26,-1.06,F,1,2,-34,female
7,1,37.5,3.6,-0.72,-0.53,P,1,4,-62,female
7,3,35,3.3,0.48,0.5,P,1,3,-63,male
7,4,42,3.3,-0.01,0.8,P,1,4,-63,female
7,5,48,4,NA,0,P,1,4,-53,male
2,6,24.5,2.5,-0.37,-0.69,F,1,1,-56,male
3,1,28,2.5,-2.18,-2.5,F,1,3,-61,female
7,3,42,3.5,1.91,1.99,P,1,4,-58,male
7,1,35.5,3.4,-0.15,-0.27,P,1,3,-59,male
7,1,37,3.6,-0.51,-0.99,F,1,3,-52,male
8,4,33,3.5,0.06,-0.24,F,1,3,-39,female
3,1,29,2.1,NA,NA,F,1,3,-56,male
7,1,39,3.1,-0.83,-1.31,P,1,3,-62,female
7,3,41,3.6,0.45,0.74,P,1,4,-62,male
7,4,36,2.6,0.24,-0.53,P,2,4,-56,male
7,3,37,2.9,-0.17,-0.72,P,1,4,-61,male
3,1,26,3,-1.02,-1.48,F,1,3,-63,female
7,5,47,3.4,0.87,0.51,P,1,4,-62,male
7,3,39,2.8,-0.19,-0.48,F,2,4,-57,male
7,5,43,2.7,-0.46,-0.49,P,1,3,-54,male
7,3,36,2.9,-0.44,0.21,P,1,4,-49,female
7,4,37,3.2,-0.48,0.38,F,2,3,-49,male
7,NA,38,2.9,0.13,-0.27,F,1,3,-66,female
3,1,28,2.8,-1.63,-2.09,F,1,3,-57,male
7,2,35,2.7,-0.96,-1.3,F,1,3,-54,male
7,3,34,3.2,0.48,-0.45,P,1,3,-60,male
7,1,41,2.8,-0.24,-0.56,P,1,4,-60,female
3,1,23,2.7,-1.57,-1.8,F,1,3,-59,male
7,4,35,3.5,-0.83,-1.25,F,1,4,-59,female
3,1,24,2.9,-2.13,-1.92,P,1,1,-43,female
7,1,39.5,3.2,1.37,1.24,P,1,4,-61,male
3,6,27.5,2.1,-0.98,-1.62,F,1,4,-59,male
7,1,39,3.9,0.22,0.61,P,1,3,NA,male
7,1,42,3.5,0.24,0.03,P,1,3,-62,male
7,3,40,3.3,-1.28,-1.41,P,1,5,-61,female
2,3,20,3.2,-1.87,-2.77,F,1,4,-60,male
7,5,43,3.8,0.61,0.49,P,1,4,-61,female
2,4,34,3.4,-0.54,-1.17,F,1,3,-63,female
7,5,46,3.4,0.3,0.66,P,1,3,-62,male
7,1,39,3,-1.41,-1.35,P,1,4,-62,female
7,5,42,3.7,0.06,0.51,P,1,5,-61,male
7,2,37,3.2,0.91,0.69,P,1,3,-57,male
2,5,43,3.4,0.54,0.22,P,1,4,-61,male
3,3,28,2.2,-2.31,-2.24,P,1,3,-53,female
7,2,30,2.7,-0.12,-0.52,P,1,4,-66,male
7,5,40,3.3,0.58,0.14,P,1,4,-60,female
7,3,38,3.3,0.77,NA,F,1,3,-60,male
7,2,34,3.1,0.49,0.87,P,1,4,-67,male
7,4,37,2.9,-0.61,-0.64,P,1,4,-62,female
3,1,27.5,2.9,-0.96,-1.62,P,1,3,-60,female
7,3,39,3.2,1.02,0.55,P,1,5,-61,male
7,3,32,3,-1.12,-1.29,F,1,3,-60,male
6,3,31,3.4,-0.7,-1.14,F,1,3,-62,female
7,1,34.5,3.2,-0.41,0.14,P,1,4,-62,female
7,3,40,2.1,0.48,0.15,P,2,2,-48,male
7,1,41,3.6,1.11,1.13,P,1,4,-52,male
8,4,38,3.3,1.45,1.27,P,1,4,-60,female
8,2,33.5,3.3,-0.8,-0.77,F,2,3,-56,male
7,1,34,3.4,-0.71,-1.19,P,1,4,-61,male
7,1,39,3.3,1.32,1.14,P,1,3,-60,male
7,3,31,2.4,-0.72,-0.57,F,2,3,-44,male
7,1,30.5,2.8,-0.76,-1.42,F,1,2,-61,male
7,3,35,2.7,-1.45,-2.14,F,1,3,-61,male
7,2,31,NA,-1.04,-1.23,F,1,4,-56,male
7,2,36,3,-0.81,-1.61,F,1,4,-67,female
7,3,35,2.8,-1.1,-1.29,F,2,3,-58,male
3,4,30,2.3,-0.95,-1.38,F,1,1,-57,female
7,1,34,3.9,-0.05,-0.06,P,1,3,-62,male
7,1,37,2.8,1.32,-0.12,F,1,4,-62,male
7,1,45,2.8,-0.4,-0.58,P,1,4,-55,male
7,3,39,3.4,-1.5,-0.66,P,1,5,-61,female
7,5,37,3.5,NA,NA,P,1,4,-55,male
6,6,29,3.6,-0.58,-0.45,F,1,4,-62,female
4,6,26.5,3.3,-1.27,-1.89,F,1,1,-49,male
7,4,39.5,2.9,-0.91,-0.67,P,1,2,-59,female
7,2,NA,2.8,0.69,0.76,F,1,5,-56,female
3,5,33,3,-1.77,-1.89,F,1,4,-59,male
7,1,34,3.8,-0.51,0.5,P,1,4,-62,female
7,1,39,3.3,NA,NA,P,1,4,-61,female
7,3,29,2.3,-0.61,-0.72,P,1,NA,-56,female
7,4,41,3.4,-1.21,-0.75,P,1,3,-58,male
3,4,38,3.5,-1.3,-1.61,P,1,3,-63,male
7,1,32,2.3,2.32,2.22,P,1,4,-54,male
4,1,35,3,0.15,-0.22,P,1,3,-62,female
7,1,39,4,0.99,1.36,P,1,2,-62,female
2,4,30.5,2.7,-0.32,-1.11,F,2,4,-60,female
3,3,24,2.4,-1.37,-2.26,F,1,3,-61,male
7,4,35,3.4,-0.74,-0.9,F,1,4,-62,female
7,1,42,3.2,-1,-1.83,P,1,4,-62,male
7,4,42,3.5,-1.64,-1.76,P,1,4,-58,female
7,1,40,3.6,1.71,1.12,P,1,4,-62,female
7,3,33,3.4,0.86,0.65,F,1,3,-63,female
7,4,28,3.4,-0.54,-1.5,F,1,2,-52,female
7,2,29,3.4,-1.13,-0.67,F,1,NA,-61,female
7,5,31.5,3.1,-0.93,-1.18,F,1,4,-52,female
3,4,23.5,2.1,-2.13,-1.71,F,1,2,-62,female
7,3,37,3.8,0.72,1.12,P,1,3,-62,male
7,3,39,3,0,0.91,P,2,4,-61,female
3,3,33,3.5,-0.49,-0.71,P,2,2,-50,female
7,1,39,3.1,0.02,0.09,P,1,4,-62,female
7,4,44,2.8,-1.07,-0.99,F,1,3,-54,male
6,3,36,2.7,-0.61,-1.45,F,1,4,-62,male
7,2,35,3.6,-1.09,-1.15,F,1,3,-61,female
3,1,27,3.2,-0.24,-0.38,F,2,4,-53,female
7,2,32,3.9,0.71,0.56,P,1,3,-61,female
7,1,40,2.5,-0.97,-0.51,P,1,5,-59,male
3,1,37,3.2,-1.16,-1.22,P,1,3,-62,female
6,4,16,2.8,-0.9,-1.17,F,1,NA,-60,female
7,5,46,3.5,-0.31,-0.14,P,1,1,-61,female
7,1,42,3.7,0.18,0.24,P,1,4,-66,female
7,1,37,2.6,NA,NA,F,1,4,-52,male
7,3,34,3,0.07,-0.08,P,1,2,-60,male
7,4,36,3.3,NA,NA,P,1,3,-62,male
7,1,35.5,3.4,-1.13,-1,P,1,4,-62,male
7,3,38,3,0.55,0.47,P,1,4,-60,female
7,3,31,3.2,-1.18,-1.87,F,1,4,-62,male
3,3,27,3.2,-1.51,-1.2,F,1,4,-62,male
7,5,31,2.3,-1.26,-1.45,F,1,4,-54,male
7,4,35,3.7,-0.85,-0.12,P,1,4,-60,male
7,4,34,3.9,-0.54,-0.77,P,1,2,-53,female
7,1,32,3.7,0.38,0.26,P,1,3,-62,female
4,4,29.3,2.4,-1.73,-0.59,F,2,3,-55,male
6,3,21,3.2,NA,NA,F,1,1,-60,male
7,3,38,3,0.19,0.02,P,1,4,-63,female
7,1,38,3.4,-1.39,-0.79,P,2,3,-45,male
7,3,33,2,0.29,0.48,F,1,4,-44,male
7,3,39,3.6,-0.34,-1.43,F,1,2,-61,female
7,1,37,2.8,-0.29,-0.35,F,1,4,-62,female
7,3,27,3.5,-1.31,-1.12,F,1,3,-57,female
7,2,39,3.3,0.39,-0.49,F,1,3,-62,male
7,4,32,3.7,-0.85,-0.79,F,1,4,-62,female
7,4,39.5,3.2,0.36,0.4,P,1,3,-61,male
7,3,30,4,0.94,1.2,P,1,3,-61,male
7,2,32,3,0.44,0.82,F,1,4,-60,male
7,1,31.7,2.7,-0.91,-2.38,F,1,3,-61,female
2,1,30,3.3,-1.08,-1.67,F,1,1,-55,female
7,4,33,3.5,-0.82,1.59,F,1,3,-59,male
7,2,29.5,3.1,-1.26,-1.34,F,1,3,-54,male
7,3,40,2.6,-0.08,-1.48,F,1,3,-61,male
7,2,33,2.9,-1.39,-1.64,F,2,3,-42,female
7,1,37,3.2,0.39,-0.02,P,1,2,-63,female
7,5,45,3.5,2.09,NA,P,1,3,-57,female
7,3,36,3.2,-0.46,-1.52,F,1,2,-56,female
7,1,34,3.2,0.66,0.8,P,1,3,-60,male
7,1,35,3.5,-1.41,-0.84,F,1,4,-52,female
2,1,29,3.4,-0.63,-1.38,F,1,1,-62,female
2,4,31,3,0.21,-0.34,F,1,2,-59,male
3,3,32,3,-0.45,-1.4,F,1,4,-60,female
7,1,31,3.3,-1.28,-1.62,F,1,3,-38,female
7,2,39,2.5,0.83,0.38,F,1,4,-57,male
7,4,43,3.7,0.95,1.2,P,1,5,-61,male
7,2,32,3.1,-0.11,-0.47,F,1,4,-61,male
7,1,34,3.5,-0.51,-0.53,P,1,3,-49,female
7,3,40,2.8,0.41,0.49,P,1,2,-55,female
6,1,34,2.8,-0.26,-0.65,F,1,3,-59,male
7,4,36,3.2,-0.56,-1.04,F,1,3,-56,male
7,3,32.5,3.2,-0.53,-0.34,P,1,5,-61,male
7,3,32,2.9,0.24,0.36,F,2,2,-57,male
7,2,32,3.3,-0.65,-1.08,F,1,3,-62,female
7,3,39,3.4,-0.61,NA,F,1,3,-62,male
7,3,36,2.8,0.25,-0.57,P,1,4,-62,male
7,3,34,3.1,0.07,0.15,P,1,5,-66,male
7,4,42,3.4,0.16,0.15,P,1,5,-60,female
7,3,35,3.6,0.92,0.4,F,1,4,-61,female
5,3,19,NA,-1.22,-1.25,F,1,3,-56,female
7,2,31,3.2,0.28,0.66,F,1,5,-59,male
7,3,36,3,NA,NA,P,1,4,-44,female
7,1,40,4,0.95,1.15,P,1,3,-59,male
7,3,37,3.3,-1.23,-1.01,F,1,3,-58,male
7,1,38,3.9,0.46,0.11,P,1,4,-62,female
3,3,24,2.8,-1.1,-0.98,F,1,1,-52,female
3,3,27,2.4,-1.66,-1.07,F,1,2,-59,male
7,1,39,2.9,0.22,-0.26,P,1,4,-62,male
7,2,29,3.2,-1.02,-1.01,F,1,4,-59,male
7,4,34,3.2,-0.47,-0.79,P,1,4,-61,male
7,3,33,3.3,0.05,0.06,P,1,3,-58,male
7,4,28,3.5,0.26,0.56,F,NA,1,-58,female
7,1,40,3.7,0.14,-0.61,P,1,4,-63,male
7,2,33,3.5,-0.05,-0.56,P,1,4,-62,male
7,2,29.5,3,-1.64,-1.36,P,1,4,-61,male
7,4,33.5,3.5,0.26,0.08,P,1,3,-62,female
7,2,35,2.2,-0.65,-0.83,F,1,3,-58,male
7,1,42,2.9,0.27,0.74,P,1,4,-59,male
7,3,33,2.7,-1.23,-1.52,F,1,3,-25,male
7,3,24,3.2,-0.41,-0.85,F,1,5,-61,female
7,4,43,3.3,-0.84,-1.16,F,1,4,-56,male
7,6,33,2.8,0.41,0.32,F,1,5,-63,male
7,3,35,2.8,1.34,-0.56,F,2,NA,-54,male
7,4,36.5,3.1,1.52,1.44,P,1,5,-55,female
7,1,41,2.9,-0.39,-0.78,F,1,3,-62,male
3,6,22.3,2.4,-0.1,0.18,F,1,2,-59,female
7,1,43,3.2,0.32,0.01,P,1,3,-62,female
3,3,25.5,2.2,-2.14,-1.45,F,1,4,-60,female
7,1,39,3.7,1.31,1.56,P,1,4,-56,female
7,1,41,3,1.45,1.46,P,1,3,-60,male
7,1,35,3.4,-1.31,-1.38,F,1,4,-62,male
7,1,40,2.7,0.47,-0.38,P,2,4,-55,female
3,6,24,NA,NA,NA,F,1,3,-41,male
7,4,44,3.8,-0.96,-0.93,F,1,4,-66,male
7,4,28,2.5,0.61,0.51,F,2,3,-41,male
3,4,26,2.9,-1.7,-2.14,F,1,2,-58,male
3,3,27,2.1,-1.61,NA,F,2,2,-58,female
7,4,41,2.7,0.57,-0.36,F,2,2,-51,female
7,1,44,3.2,-0.36,-0.93,F,1,2,-64,male
7,4,42,3.4,0.99,0.39,P,1,4,-60,female
7,5,47,3.7,0.1,-0.07,P,1,3,-61,female
7,6,31,2.5,0.08,-0.4,F,1,1,-58,male
3,3,20.5,2.9,-1.77,NA,F,1,1,NA,female
7,5,41,3.6,0.36,NA,P,1,5,-62,female
7,3,41,2.8,NA,NA,P,1,3,-39,female
7,NA,31,2.2,-0.14,-1.82,F,2,3,-49,male
7,5,38,3.1,0.87,1.16,P,1,4,-61,male
7,3,34,3.3,NA,-0.88,F,1,5,-62,male
3,1,29,2.6,-1.01,-1.62,F,1,4,-62,female
3,5,29,2.9,NA,NA,F,1,2,-59,female
7,1,39,3.5,-1.03,-1.18,F,1,4,-36,female
7,5,46,3.7,-0.98,-0.91,P,1,4,-62,female
3,3,20,2.5,-2.58,-2.44,P,1,5,-61,male
7,3,22.7,2.2,-1.17,-0.3,F,2,4,-55,male
7,2,27,3,-0.52,-0.06,P,1,3,-62,male
7,1,39,3.2,-1.41,-1.74,F,1,3,-63,male
4,3,31,2.8,-0.79,-1.51,F,1,4,-66,female
7,2,25,3.8,0.19,-0.2,P,2,3,-41,female
7,1,36,2.7,-0.59,-2.09,F,1,4,-62,male
7,3,35,2.3,-1.71,-0.54,F,2,4,-49,male
7,2,31,3,-1.53,-0.79,P,1,3,-61,male
8,3,26.5,3.8,0.35,0.58,P,1,1,-62,male
7,1,35,3.2,-1.1,-1.43,F,1,4,-64,female
2,3,33,3.3,-0.14,-0.72,F,1,4,-62,male
7,1,41,3.2,0.09,0.82,F,1,5,-60,male
7,2,30.5,3.7,-0.33,-0.3,P,1,3,-60,female
7,3,39,2.5,1.7,1.52,P,1,4,-61,male
7,3,38,3.1,-0.08,0.03,P,1,2,-61,male
7,3,35,3.6,0.96,1.05,P,1,4,NA,female
3,4,32.5,3.7,-1.26,-1.52,F,1,3,-67,male
7,2,30,3.9,-0.15,0.13,P,1,3,-46,female
7,5,37.5,3.3,1.15,1.03,F,1,NA,-61,male
7,3,42,2.2,-1.03,-0.95,P,1,4,-61,male
3,6,18,3.5,0.95,0.98,F,1,1,-61,female
7,3,34,2.8,0.52,0.4,P,1,3,-60,male
7,5,40,3.7,-1.62,-1.79,F,1,4,-60,female
7,2,28,3,0.13,-1.43,F,1,4,-63,male
3,6,29,2.8,-0.67,-0.79,F,1,3,-63,female
7,4,33,3.2,1.4,1.7,P,1,4,-45,female
7,1,39,3.8,-1.32,-2,F,1,4,-66,male
7,6,26.3,2.3,-0.84,-1.04,F,1,4,-60,male
7,2,31,2.9,-0.03,-0.17,P,1,4,-59,female
3,1,28,2.7,-0.61,-0.86,F,1,2,-62,female
7,3,32,2.1,0.48,0.83,P,1,4,-55,male
7,2,23.3,3.1,-1.24,-1.36,F,1,5,-48,female
3,3,25,2.4,-0.85,-1.28,F,1,NA,-62,female
7,3,31.5,2.8,-0.15,-0.17,P,1,4,-61,male
7,1,36,3.9,0.92,0.64,P,1,3,-61,female
7,3,32.5,3.1,-1.12,-0.74,F,1,4,-58,male
7,3,42,2.3,0.98,1.16,P,1,4,-59,male
7,1,33,3.5,0.38,0.34,P,1,4,-39,female
7,3,36,3.4,-1.41,-0.26,P,1,5,-59,female
5,1,36,2.9,-0.21,-0.04,F,1,3,-48,female
7,2,27.5,3.6,0.98,1.57,P,1,4,-48,female
7,1,35,2.5,NA,NA,F,1,4,-50,female
2,1,37,3.5,-0.48,-0.84,F,1,4,-61,female
7,3,30,2.6,-0.9,-0.87,F,2,4,-56,male
7,1,35,2.7,-1.85,-1.25,P,1,5,-61,male
7,1,42,3.7,-0.17,0.07,P,1,3,-59,male
7,1,34,3.3,0.94,0.93,P,1,4,-61,female
7,4,43,3.2,0.85,0.55,P,1,4,-58,male
7,3,32,3.2,-0.67,-0.25,F,1,4,-62,male
7,3,39,2.6,0.69,0.28,P,1,5,-58,male
7,3,32.5,3.7,0.91,0.95,P,1,4,-62,female
7,2,38,3.2,0.98,1.4,F,1,3,-58,female
7,3,43,3.6,1.18,1.1,P,1,4,-62,male
7,5,38,NA,1.58,0.44,F,1,4,-52,female
7,3,35,2.7,-1.03,-0.4,P,1,5,-57,female
7,1,44,4,1.44,1.15,P,1,4,-67,male
7,3,36,4,1.01,1.11,P,1,3,-59,female
7,2,27,3.4,-1.23,-1.06,P,1,4,-61,male
7,3,35.5,2.6,0.76,0.58,P,1,3,-64,male
7,1,41,2.7,0.73,0.83,P,2,4,-43,female
7,1,34,3.2,0.38,0.07,F,2,4,-57,female
7,4,45,3.6,1.54,1.5,P,1,4,-61,male
7,2,27,3.3,-1.17,-1.43,F,1,4,-46,female
7,3,39,3.1,1.01,0.76,P,1,4,-62,male
7,3,23.5,2.8,-1.63,-1.34,F,1,4,-62,female
3,3,28,3.1,-0.92,-0.8,P,1,3,-62,female
2,5,44,3.5,-0.58,-0.14,P,1,4,-59,female
5,3,29.5,2,-1.13,-1.36,F,2,4,-57,female
3,2,23,3.1,-1.74,-1.26,F,1,3,-48,male
3,1,32,2.5,-1.15,-1.92,F,1,3,-56,female
7,4,41,3.9,0.35,-0.23,P,1,4,-63,female
7,3,34,3.1,-0.41,-0.63,P,1,3,-58,female
7,4,37,2.1,-2.04,-0.61,F,1,2,-41,male
7,1,41,2.8,-0.64,-0.96,F,2,3,-66,male
7,4,48,3.2,0.81,-0.42,P,1,4,-58,male
7,NA,25.5,2.7,-0.09,-0.75,F,2,4,-66,female
7,1,37,3.2,-0.23,-0.06,F,1,3,-52,female
2,4,29,3.4,NA,NA,F,NA,3,-61,male
7,4,44,3.8,0.64,0.32,P,1,4,-62,male
7,3,44,2.1,2.11,1.93,P,1,5,-64,male
3,2,25,2.5,-1.33,-0.97,F,1,3,-61,male
7,1,45,3.7,1.8,1.19,P,1,3,-59,male
7,3,37,3.5,-1.49,-1.25,F,1,5,-62,male
6,1,42,3.6,1.11,0.99,P,1,4,-63,male
7,5,42,3.5,0.3,0.08,P,1,4,-62,male
7,3,34,3.3,-0.39,-0.63,F,2,3,-55,male
8,4,39,2.8,-0.97,-2.09,F,1,2,-55,female
2,4,31,2.3,-0.62,-1.53,F,2,2,-59,male
7,1,36,3.9,1.12,1.07,P,1,4,-66,female
7,4,46,3,-1.66,-1.93,F,1,4,-47,male
6,3,17.5,2.5,-1.53,-1.65,F,1,3,-62,female
3,1,42,2.5,-0.63,0.25,P,1,3,-61,male
8,4,NA,NA,-3.51,-3.16,F,1,1,-55,male
2,1,24,NA,-1.48,-1.46,F,1,NA,-51,male
7,4,36,3.1,-1.39,-2.16,F,1,3,-59,male
6,5,36,3.4,0.9,NA,P,1,5,-62,male
5,3,26,2.6,-0.01,-0.28,P,1,2,-61,male
3,4,30,3.4,-2.03,-1.75,P,1,5,-63,female
7,2,40,3.8,1.73,1.63,P,1,3,-63,male
7,3,34,3.5,-1.99,-1.92,F,1,1,-39,male
7,1,33,3.4,1.65,1.75,P,1,4,-61,female
7,3,29,3.3,-0.44,-0.31,P,1,4,-61,female
7,3,37,2.8,0.26,-0.13,P,1,4,-66,female
7,4,39,3.5,0.48,0.62,P,1,4,-60,female
7,4,30.5,2.9,-1.39,-1.5,P,1,4,-59,male
3,6,25,2.4,-0.25,-0.6,F,1,3,-57,male
7,2,NA,2.4,-0.8,-1.02,P,1,4,-60,female
7,1,41,3.7,0.57,1.15,P,1,4,-62,female
3,5,37,3.5,-1.74,NA,F,1,2,-63,female
7,3,39,3.2,-0.2,-0.57,P,1,5,-62,female
2,5,30.5,3.7,-0.91,-1.05,F,1,2,-60,female
3,2,34,2.7,-1.11,-1.02,F,1,4,-61,male
3,1,25,2.8,-2.22,-2.17,F,1,4,-61,female
4,4,27,3.2,-2.01,-2.16,F,1,3,-67,female
7,1,38,3.2,NA,NA,P,1,3,-62,female
8,3,22,3.8,-1.31,-2.39,F,1,2,-62,female
7,3,37,2.6,1.4,1.65,P,1,3,-59,male
7,3,37,3.4,2.71,2.21,P,1,3,-61,female
7,3,38,3.3,0.37,0.08,P,1,4,-62,female
7,5,44,3.2,1.66,1.3,P,1,4,-62,male
7,2,26,3.5,NA,-1.41,F,1,5,-60,male
3,2,25,3.1,-0.68,-1.14,F,2,2,-55,male
3,1,28,2,0.51,-0.53,F,2,4,-58,female
7,1,28,3.5,0.44,0,F,1,3,-55,female
3,3,36,3.4,0.83,0.34,P,1,3,-54,female
6,3,35,3,0.45,-0.09,F,1,3,-61,female
7,3,29,2.9,-1.03,-1.13,F,1,5,-60,male
7,3,40,3,-0.89,-0.81,P,1,2,-62,male
7,3,33,3.4,-0.68,-1.31,F,1,5,-56,male
7,2,37,3.5,-0.1,0.56,P,1,3,-62,male
7,4,48,3.7,-1.36,-1.18,P,1,4,-55,male
7,1,45,3.6,0.06,0.35,P,1,2,-60,female
7,4,47,3.5,0.62,0.24,P,1,4,-58,male
7,2,38,3.9,-0.86,-0.22,F,1,3,-55,female
7,1,40,2.9,NA,NA,F,1,4,-62,female
7,1,44,3.4,0.77,0.82,P,1,3,-48,male
7,2,40,3.2,0.55,0.01,F,1,2,-61,female
3,1,28,3.7,-2.35,-1.95,F,1,1,-62,male
3,1,28,2.7,-1.18,-1.27,F,1,3,-53,male
5,3,24,3.1,-1.18,-1.23,F,1,1,-61,female
7,5,43,3.6,-1.31,-1.38,P,1,NA,-60,male
7,3,31,2.7,-2.02,-1.41,F,1,NA,-57,male
7,4,42,3.6,0.56,0.41,P,1,1,-52,female
7,4,43,3.3,-0.25,-0.77,P,1,3,-48,male
7,1,32,3.2,-0.77,-1.73,F,1,3,-67,female
7,1,38,3.2,0.97,1.09,P,1,3,-62,male
7,3,38,3.1,0.65,1.1,P,1,4,-62,female
7,1,36,2.7,0.15,-0.69,P,1,5,-61,male
7,1,NA,3,-0.33,-0.26,P,1,4,-54,female
7,3,40,3.4,0.36,0.36,F,2,4,-43,female
7,1,45,3.7,-1.29,-1.46,P,1,4,-62,male
7,3,35.5,3.1,-0.04,0.15,P,1,NA,-62,female
7,3,40,2.1,-0.28,-0.72,P,1,4,-51,male
3,3,30,2.7,-1.69,-2.19,F,1,2,-63,female
7,4,32,3.5,1.04,1.05,P,1,3,-56,male
7,3,28.5,3.2,-1.64,-1.98,F,1,3,-61,male
7,4,35.5,3.5,-1.14,-2.06,F,NA,4,-66,male
7,5,46,3.8,NA,0,F,1,4,-62,female
7,4,41,3.5,-0.47,-0.54,P,1,3,-62,male
7,3,42,3.2,1.05,1.29,P,1,4,-67,male
7,4,40,3.1,-0.85,-1.3,F,1,4,-62,male
3,2,28,2.9,-2.24,0.86,F,1,2,-65,female
7,3,31,3,0.17,-0.08,P,1,3,-61,female
7,2,37,2,-1.63,-1.68,F,1,4,-55,male
7,1,31,3.5,-0.29,-0.48,F,1,4,-56,female
7,3,40,2.4,-0.31,-0.68,P,2,4,-50,female
7,4,39,3.7,-0.71,-0.95,P,1,3,-55,female
7,5,39,3.5,NA,NA,P,1,3,-62,male
7,4,48,3.7,1.47,1.19,P,1,4,-60,female
7,1,37.5,3.3,-0.9,-1.2,F,1,5,-58,male
8,4,24,2.8,-0.97,-1.36,F,2,3,-65,female
7,3,31,3,0.87,0.51,P,1,4,-58,male
7,1,43,2.8,-0.35,-0.52,P,1,4,-60,male
7,1,39,3.4,-0.56,-0.64,P,2,2,-61,female
3,2,19.3,2.3,-1.64,-2.36,F,1,3,-61,male
7,1,48,3.4,1.04,0.86,P,1,4,-60,male
4,4,36,2.7,-0.39,-0.39,P,1,4,-60,male
7,3,41,2.8,0.16,-0.18,P,1,4,-66,female
7,4,41,3.9,0.08,-0.93,P,1,1,-58,male
6,3,27,3.2,-0.71,-0.55,F,1,3,-62,female
7,3,34.5,3.7,-0.43,NA,P,1,4,-61,female
7,3,40,3.3,-0.24,-0.58,P,1,4,-62,male
2,3,42,2.7,-0.5,-0.73,P,1,4,-57,male
7,4,32,3.2,-1.02,-1.61,P,1,3,-61,female
7,3,40,3.3,-0.21,-0.11,P,1,5,-60,male
7,3,34,2.9,-1.93,-1.23,F,1,NA,-59,male
3,3,26,2.3,-1.58,NA,F,1,4,-63,male
7,3,35,3.6,-0.42,-0.87,P,1,4,-62,female
7,1,44,3.4,NA,1.88,P,2,4,-55,male
7,3,38,3.2,-1.39,-1.13,P,1,3,-58,female
7,1,41,3.2,1.99,2.16,P,1,3,-67,male
7,6,33,3,-0.72,-0.88,F,1,4,-55,female
3,2,20,3.1,-1.1,-1.54,F,1,NA,-61,male
7,3,30,3.4,0.87,0.23,P,1,3,-62,male
7,3,33,3.2,0.03,0.29,F,1,4,-60,female
7,2,32,3.1,-0.49,-0.36,P,1,4,-61,male
7,3,30.5,3.2,-0.52,-0.38,P,1,4,-60,female
7,3,35,3.6,NA,-0.86,F,1,4,-60,male
7,5,43,3.7,0.06,NA,P,1,4,-63,male
7,3,34,3,-0.03,-0.95,F,2,2,-54,female
7,5,48,3.9,0.87,1.28,P,NA,4,-62,male
6,3,31,2.5,-1.09,-1.34,F,1,4,-62,male
7,4,40,3.2,-0.07,-0.45,F,1,4,-62,female
7,1,38,3.4,NA,NA,P,1,3,-62,female
7,2,35,2.4,0.8,0.72,P,1,4,-59,male
7,4,37,3.5,-1.69,-1.26,F,1,4,-59,female
7,2,32.5,3.3,-0.9,-1.07,F,1,3,-59,male
4,3,28,2.7,0.21,0,F,1,3,-58,male
7,1,42,3.1,0.01,-0.23,P,1,3,-62,female
7,3,35,3.3,0.9,1.85,P,1,3,-61,male
7,4,46,3.6,0.13,0.1,P,1,4,-62,female
7,1,37,3,-0.3,-1.69,F,1,3,-60,male
7,3,36,3,-1.11,-0.65,F,1,4,-52,male
7,2,32,3.4,0.92,0.59,F,1,4,-62,male
7,1,38,3.5,0.03,-0.24,P,1,4,-61,male
6,4,44,3.6,-0.62,-1.17,F,1,3,-62,female
7,3,34,3,-0.24,-0.25,F,1,4,-62,female
7,1,41,3.7,0.13,0.16,P,1,3,-49,male
3,6,17,3.6,-0.26,-0.27,F,1,2,-60,male
6,1,28,2.8,NA,NA,F,1,2,-64,female
7,3,40,2.3,-0.92,-0.49,P,1,5,-61,male
7,3,35,2.9,-0.51,-0.64,F,1,4,-62,male
3,3,30,2.5,-1.72,-1.21,F,1,3,-60,female
7,3,26.5,3.4,-1.36,-1.33,F,1,2,-62,female
7,1,42,3.6,0.63,0.58,P,1,4,-62,female
7,6,30,2.6,NA,-1.05,F,1,4,-57,male
7,4,42,3.3,-0.1,0.1,P,1,3,-55,male
7,3,33,2.8,-0.55,-0.9,P,1,3,-61,male
7,4,37,3.5,NA,NA,F,2,3,-58,male
3,6,26,2.9,0.08,0.26,P,1,5,-62,male
7,3,35,3.2,-1.13,-0.84,P,1,2,-59,male
7,3,24.7,3,-0.82,-1.35,F,1,4,-60,male
7,2,32,2.9,-0.43,-0.8,F,1,3,-61,male
7,1,36,3.4,1.15,1.25,P,1,5,NA,male
7,1,32,2.5,-0.78,-0.8,P,1,3,-59,male
7,5,45,3.5,0.93,0.87,P,1,3,-56,male
7,3,35,3.5,0.97,0.43,P,1,3,-61,male
7,4,34,3.6,-0.54,-0.24,F,1,4,-62,female
7,2,30,3.4,0.51,0.29,P,1,3,-62,female
3,1,31.5,1.9,-2.13,-2.33,F,1,2,-60,male
7,2,35,2.4,-0.4,-0.06,F,1,3,-53,male
7,3,38,3.1,0.16,-0.23,P,1,2,-60,female
5,1,41,3.2,-1.17,-1.12,P,1,4,-61,male
7,3,33,3.2,-0.71,-0.96,F,2,4,-62,male
6,5,30.5,3.5,-0.08,-0.54,P,1,2,-61,male
3,6,26,2.6,NA,NA,F,1,3,-55,male
7,3,31,3.6,1.59,1.31,P,1,4,-62,female
7,2,35,3.4,-0.47,-0.29,F,1,4,-62,male
3,4,32,3.3,-2.76,-2.56,F,1,1,-46,female
7,1,42,3.9,0.32,1.11,P,1,4,-32,female
7,5,44,3.8,1.16,0.75,P,1,4,-60,male
7,5,42,3.7,-0.39,-0.28,P,1,4,-63,female
7,5,48,3.8,NA,0,P,1,4,-62,male
7,5,39,3.7,0.33,0.35,P,1,2,-56,male
7,3,39,3.3,0.1,-0.05,P,1,3,-58,male
7,3,35,2.8,-0.79,-0.64,P,1,4,-61,female
7,2,28.5,3.2,0.66,0.32,F,1,4,-51,male
7,2,30.5,2.9,-1.18,-1.54,F,1,5,-60,male
7,3,35,2.8,0.06,0.62,P,1,3,-62,male
3,6,36,2.2,-0.55,-1.05,F,1,3,-61,female
7,3,35,3,-0.45,0.13,P,1,3,-62,female
7,6,28,3.9,0.6,1.13,P,1,2,-56,male
7,5,41,3.6,-0.9,-0.86,P,1,3,-59,female
7,3,39,2.9,-0.29,0.07,P,1,3,-62,male
7,2,39,3.1,-1.24,-1.24,F,1,3,-62,female
7,3,34,2.7,-0.56,NA,F,1,3,-67,female
7,3,38.5,2.8,-0.03,-1.04,F,1,4,-55,male
7,1,39,3.3,-0.91,-1.53,F,1,4,-56,male
7,4,39.5,3.4,-1.02,-1.08,F,1,4,-61,female
2,1,32,2.1,NA,NA,F,2,5,-57,male
7,3,43,3,-0.2,0.6,P,1,3,-55,male
2,5,36.3,3.1,NA,NA,F,1,3,-61,male
7,1,33,3,0.01,-2.07,P,1,4,-60,male
2,4,35,3.2,-0.07,-0.52,P,2,5,-55,female
7,5,41,3.8,-0.24,-0.2,P,1,4,-68,female
7,3,31.5,2.9,-0.66,-1.07,F,2,4,-62,male
7,2,37,3.5,-0.24,-0.55,P,1,4,-62,female
7,3,37,3.6,-0.43,0.13,P,1,3,-63,female
7,6,37,3.8,1.31,1.35,P,1,4,-45,female
2,3,24,3,-0.75,-1.24,F,1,3,-61,female
7,3,40,2.6,-0.93,-0.68,P,1,4,-40,male
7,4,37,2.7,0.14,-0.08,P,1,2,-58,male
7,3,33,3.2,-0.03,-0.21,P,1,3,-61,female
7,3,42,3,1.6,1.63,P,1,NA,-61,male
7,3,37,3.2,-0.58,-1.01,P,1,3,-61,male
7,2,35,2.7,0.14,-0.02,P,1,4,-58,male
7,2,28,2.9,-0.66,-1.06,F,1,3,-62,female
7,1,31,3.8,-1.9,-2.2,F,1,3,-62,male
3,4,34,3.2,-0.81,-0.86,P,1,3,-61,female
7,5,47,3.5,-1.3,-1.37,F,1,NA,-60,male
2,3,32,3.1,-0.84,-1.36,P,1,4,-62,male
7,1,36,3.4,-0.56,-1.34,P,1,4,-61,male
7,4,42,3,0.39,0.44,P,1,4,-59,female
6,3,29,3.3,-0.4,0.19,F,1,3,-61,male
7,3,36,3.2,-0.33,0.43,P,1,4,-62,female
6,5,40,2.9,0.68,NA,P,1,1,-60,female
7,2,31,3.4,-1.01,-0.56,F,1,3,-62,female
7,3,37,3.7,0.68,-0.7,F,2,3,-51,female
3,3,24,3.3,-1.6,-2.56,F,1,3,-61,female
8,5,29.3,2.7,-0.24,-0.85,F,1,4,-58,male
4,3,21.5,3,-0.37,-1.35,F,1,2,-57,male
7,3,37,3.2,0.03,0.55,P,1,5,-62,female
6,4,33,2.8,-0.96,-1.42,P,1,3,-61,male
7,3,39.5,3.4,0.64,0.56,P,1,3,-59,female
7,3,36,3.1,1.16,1.26,P,1,3,-57,male
7,5,44,3.7,-0.6,-0.15,P,1,2,-58,female
7,1,34,4,0.48,0.49,P,1,3,-61,female
7,3,35,3.3,0.88,1.44,P,1,4,-62,male
7,4,42,3.8,0.19,-0.38,P,1,5,-62,male
7,3,42,3.5,-0.42,-0.05,P,1,4,-64,female
8,3,34,3.1,-0.13,-0.74,P,1,3,-58,male
7,1,40,3.4,-1.7,-1.81,P,1,3,-61,male
3,1,36,3.4,-1.73,-2.08,F,1,2,-67,female
7,3,31,3.6,0.51,0.51,F,1,3,-50,female
7,2,28,3.2,-1.25,-1.17,P,1,5,-58,male
7,3,29,2.3,-0.93,-1.18,F,1,4,-60,male
2,2,27,3,-0.64,-1.33,F,1,2,-54,female
6,5,44,3.4,NA,NA,F,1,3,-62,male
7,3,42,3.1,-0.24,-0.83,F,1,4,-60,female
7,3,32,3.2,0.01,-0.09,F,1,3,-61,female
3,6,23,NA,0.29,-0.71,F,1,1,-47,male
6,3,22,2.6,-1.41,-1.66,F,1,1,-60,male
2,4,25,NA,-1.88,-1.49,F,1,3,-42,female
7,4,36,2.5,0.43,0.38,P,2,5,-60,male
7,3,40,2.9,0.47,0.24,P,1,4,-61,male
7,3,32,2.1,-0.55,-1,F,1,4,-31,male
7,6,37,3,-1.13,NA,F,1,3,-60,female
7,1,45,3.2,0.19,0.34,P,1,4,-61,male
2,1,21,NA,-2.11,-1.91,F,1,3,-59,male
7,3,33,3.5,0.3,0.39,P,1,3,-62,male
7,1,46,3.8,0.03,-0.7,P,1,2,-52,male
7,2,35,2.8,-0.03,-0.07,P,1,4,-61,male
7,3,32,3.1,-1.45,-0.55,P,1,3,-65,male
7,5,43,3.5,0.63,NA,P,1,3,-58,male
6,1,40,3.5,1.45,1.49,P,1,2,-57,male
7,4,26.3,3.4,-1.73,-2,F,1,2,-54,female
7,3,37,3.2,-1.27,NA,F,1,4,-61,female
7,5,41,3.1,0.02,-0.28,P,1,3,-62,male
2,1,39,3.8,-0.68,-0.68,F,1,4,-62,male
4,1,30,2.7,-1.56,-1.61,F,1,3,-61,male
7,3,32,3.5,-0.56,-0.3,F,1,3,-45,female
7,1,40,3.6,-0.03,0.55,P,1,4,-62,female
5,5,47,2.8,-1.13,-1.52,P,1,3,-66,male
7,4,36,2.9,-1.14,-0.95,P,1,2,-62,female
7,3,31,3.6,-1.64,-1.74,F,1,3,-62,male
3,3,29,2.5,-2.22,-1.89,F,1,3,-51,male
7,1,38,3.1,1.31,1.09,P,1,3,-58,male
3,5,31,3.3,NA,NA,F,1,3,-61,male
7,4,32,2.4,-1.15,-1.06,P,1,4,-57,male
7,5,42,3.5,0.22,-0.16,P,1,4,-58,male
7,4,37,3.2,-0.1,-0.43,P,1,4,-57,male
7,3,35,2.7,-0.32,0.28,P,1,5,-61,male
7,1,37,3.5,-0.02,-1.21,P,1,4,-61,female
4,3,30,3.3,-1.37,-1.65,F,1,2,-61,female
7,3,34,3,-0.41,-1.13,P,1,3,-60,female
6,4,31,2.8,-1.61,-1.13,P,1,3,-47,female
7,3,27.5,3.1,-0.52,-0.05,P,1,4,-62,female
7,4,38,3,1.1,0.98,P,2,4,-58,female
5,2,29,2.4,-0.2,-0.57,F,1,2,-56,male
8,5,36,3.1,0.64,0.75,P,1,4,-59,male
7,3,41,3.5,-1.29,-1.88,P,1,4,-62,male
7,3,39,2.9,-1.03,-1.73,F,1,3,-62,female
7,2,34,3,1.54,1.63,P,1,5,-60,male
7,5,37,3.1,-1.44,-1.81,F,1,4,-51,male
4,6,25,3.5,0,-0.5,P,1,2,-53,female
7,3,34,2.9,-0.74,-0.67,F,1,3,-45,male
7,3,22,3.8,-1.21,-0.13,F,2,2,-53,female
7,4,48,3.9,1.92,1.31,P,1,4,-61,male
7,3,40,3.5,0.2,0.34,P,1,2,-62,male
3,4,29,3.7,-0.85,-1.23,F,1,2,-66,male
3,3,32,3.3,-1.19,-2.68,F,1,2,-63,female
7,1,41,3.3,NA,NA,P,1,4,-59,female
7,2,31,2.7,-0.56,-1.17,F,1,5,-56,male
7,1,36,3.1,-0.46,-1.01,F,1,4,-62,female
7,3,34.5,3.2,-0.24,-0.6,P,1,4,-61,male
7,1,31,2.7,0.19,0.14,P,1,3,-54,male
7,2,38,2.7,0,-0.46,F,1,3,-57,male
7,4,39,3.8,0.4,0.22,P,1,4,-63,female
7,2,28,3.6,-1.01,-1.15,F,1,2,-62,male
7,1,32,2.8,-0.38,-0.3,F,1,4,-62,female
7,5,37.5,3.6,NA,NA,F,1,4,-62,male
7,4,38.5,3.1,0.31,0.34,P,1,4,-61,male
3,4,26.5,3,0.09,-0.76,F,1,3,-60,female
7,2,27,3.6,-0.27,-0.33,P,1,3,-61,male
7,1,39,3.6,1.23,1.57,P,1,4,-60,female
3,1,21,2.7,-1.22,-2.11,F,1,3,-63,female
2,3,40,3.2,-0.59,-1.68,F,1,3,-66,male
7,5,45,3.6,0.71,0.85,P,1,4,-65,female
7,2,25,3,-1.48,-1.84,F,1,1,-23,male
7,2,26.5,3.4,-1.44,-0.44,F,1,2,-61,female
7,3,37,3.5,0.14,0.15,F,2,3,-54,male
7,3,33,2.6,-0.36,-1.22,P,1,5,-56,male
7,3,37,3.6,1.27,1.29,P,1,3,-62,female
2,3,30,2.9,-0.2,-1.41,F,1,2,-61,female
7,4,37,3.4,-1.21,-0.19,F,1,4,-64,male
7,5,36,3.5,-0.67,-1.1,F,1,4,-61,male
7,3,34,3.4,0.86,0.98,P,1,4,-63,male
5,5,44,2.8,-0.21,-0.68,P,1,4,-57,male
7,1,37,3.4,-0.07,0.04,P,1,5,-62,female
7,1,45,3.9,0.2,0.49,P,1,3,-61,female
6,3,36,3.7,0.26,-0.66,F,1,4,-67,female
7,3,37,2.9,-0.64,-1.04,F,1,3,-54,male
7,3,43,3.1,-0.05,-0.07,P,1,3,-61,female
7,4,41,3.6,0.72,1.09,P,1,4,-63,female
7,3,31,2.8,-0.98,-1.17,F,2,3,-57,female
7,1,34,3.1,-0.17,-0.4,F,1,4,-48,female
7,4,28,3.7,-1.55,-1.61,F,1,3,-58,male
7,3,27.3,3,0.37,-1.36,F,1,4,-61,female
3,6,21,2.6,0.02,-1.77,F,1,1,-58,female
7,3,29,3.5,-1.36,-1.26,F,1,4,-62,male
7,3,38,3.2,-0.36,0.01,P,2,4,-45,male
7,3,34,3.5,-0.32,0.58,P,1,4,-62,male
2,4,31,2.8,-0.1,-0.25,F,1,3,-54,female
7,1,40,2.9,0.04,0.02,P,1,4,-57,male
1,6,25,2,-0.77,-1.33,F,1,2,-52,male
7,4,39,2.9,-0.17,-0.37,F,1,3,-62,female
6,1,26,2,-2.12,-2.32,F,1,3,-60,male
7,2,31,3.6,-0.8,-0.63,F,1,4,-46,female
7,2,28,3.3,-1.02,-0.91,F,1,2,-66,female
7,1,41,3.6,1.45,1.66,P,1,3,-59,female
3,3,25,2.4,-0.33,-0.34,F,1,3,-62,female
7,3,31,3.4,1.01,1.68,P,1,4,-67,male
7,4,28.7,3.5,-0.59,-0.69,P,1,NA,-57,male
7,3,30,3.3,-1.06,-1.03,F,2,3,-40,male
7,4,35.3,2.7,-0.29,-0.85,F,1,4,-60,male
7,4,45,3.7,1.2,1.49,P,1,NA,-62,male
7,2,37,2.7,0.77,0.27,P,1,2,-56,female
3,6,15,2.1,-1.22,-0.91,F,1,4,-52,female
7,NA,25,2.5,0.25,-0.45,F,2,4,-42,female
7,4,35,3.4,1.15,1.53,P,1,3,-58,female
7,2,25,2.6,-1.11,-1.55,F,1,5,-65,female
7,4,45,3.5,0.34,0.05,P,1,3,-61,female
3,5,30,3.6,-1.88,NA,F,1,NA,-62,female
7,2,34,3.4,0.13,-0.68,P,1,3,-58,female
7,3,35,2.8,-1.16,-1.08,F,1,3,-61,female
7,1,39,3,-0.56,-1.38,F,1,3,-61,male
7,3,31,3.3,-0.24,-0.21,P,1,4,-60,male
3,1,29,3,-1.71,-1.32,F,1,2,-67,female
7,1,35,3.1,1.74,0.43,P,2,4,-66,female
7,2,33,2.5,-1.26,-1.36,F,1,4,-67,female
7,3,44,3.2,0.1,-0.1,P,1,4,-61,male
7,3,30,2.4,0.03,-0.74,F,1,3,-58,male
7,1,25,3.6,-0.64,-0.4,F,1,3,-56,male
7,5,41,3.6,-1.71,-0.98,P,1,3,-61,female
1,1,22.7,2.5,-1.34,-1.56,F,1,3,-57,male
7,3,35,3.4,0.33,0.43,P,1,4,-63,male
3,3,20,3.2,-2.1,-1.48,F,1,2,-58,female
7,3,37,3.6,0.58,0.25,P,1,4,-62,female
7,4,37,2.8,0.16,-0.57,F,2,4,-57,male
7,1,36,3.3,-1.42,-1.34,F,1,3,-67,female
7,3,34,3.7,-0.23,-0.2,P,1,2,-62,female
3,3,24,3.2,-1.78,-0.92,F,2,3,-62,female
7,3,38,2.6,-1.47,-1.19,F,1,3,-58,male
7,4,41,3.5,-0.32,-0.39,P,1,4,-61,male
7,5,38,3.1,-0.98,-0.57,P,1,4,-62,male
7,1,40,3.8,-0.05,0.41,P,1,4,-61,male
7,3,36,2.5,-1.65,-2.22,F,1,3,-63,male
7,3,29,3.6,-0.1,-0.17,P,1,4,-62,female
7,1,40,3,-1.1,-0.91,P,1,3,-51,male
7,3,24.5,3.8,0.5,-0.11,F,1,4,-62,female
7,3,39,2.7,0.15,-1.28,F,1,4,-59,female
2,1,34,3.3,0.97,0.4,P,1,3,-62,male
7,5,37,2.7,-1.16,-1.58,F,1,5,-55,female
7,4,35,3,-1,-1.44,F,1,3,-59,male
6,4,31,2.9,-1.38,-1.16,F,1,4,-67,male
7,4,20,3,-3.3,-3.16,F,1,2,-47,female
7,3,30,3.5,-0.88,-2.08,F,1,4,-61,male
7,1,42,3.3,1.04,0.6,P,1,NA,-62,male
7,1,38,3,-1.25,-0.65,P,1,3,NA,female
7,3,36,3,-1.4,-1.34,F,1,3,-60,male
7,5,45,3.6,0.57,0.6,P,1,4,-67,male
2,1,27,2.9,-0.72,-0.27,F,1,2,-60,male
7,3,35.5,3.4,-0.19,-0.44,F,1,4,-50,female
2,4,41,2.9,1.16,1.41,P,1,4,-61,male
7,1,36,3.5,1.07,1.1,P,1,3,-58,female
2,3,33.5,2.6,-1.03,-1.53,P,1,4,-60,male
3,1,32.5,3.3,-1.98,-1.61,F,1,3,-57,male
7,3,35,3.2,0.02,-0.84,F,1,4,-61,female
7,3,46,3.2,1.12,1.57,P,1,4,-49,male
7,3,38,3.4,-0.34,-0.55,P,1,2,-56,female
7,3,34,3.7,-0.07,-0.27,P,1,4,-60,female
3,1,28,3.2,-1.61,-1.57,F,1,4,-60,female
7,1,34,3.6,0.25,0.34,P,2,3,-60,male
3,1,24,2.8,-1.84,-2.22,F,1,4,-56,male
4,3,34,3.1,-0.65,-1.85,F,2,2,-63,male
3,6,20,3.1,-0.77,-0.68,F,1,3,-62,female
7,3,42,3.4,1.64,1.63,P,1,3,-56,male
2,4,31,3,-0.03,-0.15,P,1,3,-60,male
7,1,38,3.7,1.32,1.46,P,1,4,NA,male
7,1,37,3.6,-2.79,-1.06,F,1,5,-60,female
2,3,34,3.9,-0.18,-0.18,P,1,4,-62,female
7,3,36,2.9,0.8,1.21,F,2,3,-56,male
7,5,44,3.5,1.76,NA,P,1,4,-54,male
7,1,41,3.1,0.86,0.73,P,1,3,-61,female
7,3,35,3.2,-0.46,-0.71,F,1,5,-62,male
7,3,37,3.7,-0.87,-1.16,F,1,3,-61,male
7,4,44,3.5,-0.52,-0.16,P,1,3,-47,female
7,4,36,2.9,-0.81,-1.21,F,1,3,-62,male
1,1,24,2.5,-2.41,-1.99,F,1,3,-56,male
7,3,31,3.2,0.41,0.47,P,1,5,-62,male
7,3,48,3.2,-0.28,NA,P,1,4,-61,male
7,1,46,2.7,0.19,0.72,P,1,4,-58,male
7,3,33,2.2,-0.33,-0.12,P,1,3,-45,female
7,5,43,3.5,1.77,1.62,P,1,4,-61,male
2,2,29,2.3,-1.16,-1.34,F,1,4,-59,male
2,4,26,3.3,-0.68,-1.01,F,2,3,-58,male
7,1,39,3.8,0.14,0.94,F,1,5,-58,male
7,3,39,2.8,1.42,1.3,P,1,5,-57,female
7,3,37,2.9,0.26,-0.06,P,1,4,-62,female
7,3,41,3.2,-0.13,-0.42,P,1,5,-61,male
3,1,33,2.7,0.47,0.1,P,1,3,-53,female
7,3,27,2.7,-0.73,-0.56,F,2,4,-57,female
7,1,35.5,3.6,NA,NA,P,1,4,-62,female
7,1,33,3.8,-0.93,-1.05,F,1,3,-62,female
4,6,34,2.9,-1.65,-1.73,F,1,4,-60,male
3,1,34,2.7,-0.65,-0.82,F,2,4,-57,male
7,3,35,3.2,NA,-0.16,P,1,4,-62,male
7,3,31,3,-0.39,-1.34,F,1,3,-51,female
7,3,36,2.5,0.41,0.32,P,1,3,-58,female
7,3,35,3.4,0.51,-0.13,P,1,4,-60,female
3,2,22.5,1.9,-0.79,-1.38,F,1,3,-59,male
3,1,22,2.7,-1.42,-1.3,F,2,3,-62,female
7,3,40,2.9,0.36,-0.18,P,2,3,-44,male
5,3,39,2.7,-0.38,-0.63,F,1,4,-62,male
7,2,29.5,3,-0.6,-0.94,F,1,4,-60,female
7,4,42,3.7,0.07,-0.09,P,1,3,-62,female
7,1,37,2.8,0.3,0.42,P,2,3,-56,female
1,5,40,2.3,NA,NA,F,1,3,-53,female
7,3,42,3.3,-0.79,-1.43,F,1,5,-62,male
7,1,39,3.4,-0.02,0.19,P,1,4,-66,female
7,1,30.5,3.8,0.97,0.68,P,1,3,-52,female
7,4,32,3.5,0.37,0.49,F,1,3,-62,female
3,6,29,2.3,-0.97,0.12,P,1,4,-61,female
7,1,38,3.4,-0.23,-0.32,P,1,5,-62,male
8,3,30.5,2.5,-1.48,-0.33,P,1,4,-48,male
7,5,46,2.8,NA,NA,F,1,5,-62,male
7,3,41,1.9,-1.79,-1.28,F,1,4,-58,male
2,4,38,2.8,-0.64,-0.96,F,1,2,-48,female
6,1,23,2.4,-1.75,-1.71,F,1,1,-50,male
7,3,36,3.5,-0.16,-0.46,F,1,3,-54,male
7,1,41,3.3,1.32,1.07,P,1,4,-62,female
7,3,35,3,0.26,0.71,P,1,4,-62,male
7,3,34,2.5,0.89,-0.22,P,1,2,-58,male
7,1,41,3.4,-0.71,-0.7,P,1,4,-63,male
7,5,41,3.4,1.42,NA,P,1,4,-62,male
5,1,31,2.8,NA,NA,F,1,5,-66,male
2,4,48,3.7,0.2,-0.09,P,1,4,-62,female
2,3,33,3.2,-0.82,-1.13,F,1,3,-59,male
5,1,32,2.6,-2.04,-2.64,F,1,5,-68,male
6,3,24,2.3,-1.28,-2.47,F,2,4,-67,female
7,1,41,3.2,-0.17,0.38,P,1,5,-67,male
7,3,37,3.3,-1.1,-0.01,F,1,5,-59,female
7,2,34,2.9,0.39,0.34,P,1,3,-59,female
7,5,43,3.4,NA,NA,P,1,3,-61,female
3,1,31,2.8,-0.78,-1.23,F,1,2,-61,male
7,3,41,2.6,0.33,NA,P,1,4,-62,male
4,6,27,3.3,-0.51,-1.17,P,1,2,-56,female
4,4,38,3.4,0.13,-0.03,P,1,4,-62,female
7,4,42,2.5,-1.22,-0.8,F,1,2,-59,female
3,5,38,3.1,-2.12,NA,F,1,NA,-62,male
4,3,31,2.7,0.07,0.23,P,1,3,-62,male
7,4,34,2.9,0.05,-0.42,F,1,3,-62,female
7,3,32,3.2,0.36,0.73,P,2,4,-59,male
7,3,39,2.8,-0.14,-0.27,P,1,2,-55,female
2,1,39,2.9,0.2,-0.17,P,1,4,-59,male
7,3,39,2.9,0.49,0.44,P,1,4,-56,male
7,3,33,3.5,-0.44,-0.92,F,1,4,-56,male
7,2,44,2.6,-0.05,-1.01,F,1,3,-56,male
7,2,34,3.3,-1.07,-0.3,F,1,5,-63,female
3,6,20.3,2.4,-0.25,-0.12,F,1,3,-60,male
6,3,23,2.8,-1.77,-2.05,F,1,2,-65,female
7,3,34.5,3.1,-0.95,-0.4,F,1,3,-54,male
7,3,44,3.3,2.04,1.45,P,1,3,-54,female
1,3,22.5,2.2,-0.91,-1.31,F,1,2,-57,male
7,1,42,3.6,1.3,0.87,P,1,3,-62,male
7,4,40,3.3,-0.85,-1.06,F,1,4,-62,female
3,1,28,3.2,-0.41,-0.28,P,1,2,-60,male
7,5,46,3.2,-0.35,-0.35,P,1,3,-53,male
7,5,40,2.9,0.6,0.04,F,1,4,-43,male
7,5,42,3,NA,NA,P,1,3,-54,male
7,3,30,3.2,-1.28,-1.45,F,1,3,-62,female
7,3,38,3.3,-0.48,-0.36,P,1,3,-61,female
7,3,33,3.2,-0.03,-0.73,P,1,2,-58,male
7,4,38,2.7,-1.04,-0.03,P,2,3,-45,male
7,2,35,3.4,-1.51,-1.23,F,1,4,-61,female
2,5,47,3.3,-1.58,-1.71,F,1,5,-61,male
7,3,26.5,3.4,-0.52,-1.25,F,1,3,-68,female
6,5,41,3.7,-0.94,-0.83,F,1,2,-61,female
7,6,25,2.9,NA,NA,F,1,4,-53,female
7,3,35,2.5,-0.22,-0.25,F,1,4,-46,female
7,1,41,3.5,0.91,0.79,P,1,5,-62,male
7,3,40,2.4,-0.82,-0.84,F,1,3,-64,male
7,1,38,3.5,-0.33,-0.2,P,1,1,-67,male
7,5,37,3.5,NA,NA,P,1,4,-45,male
3,2,23,2.5,-1.27,-0.97,F,1,4,-59,female
7,1,41,3.4,1.57,1.84,P,1,3,-59,male
7,3,27.7,2,-0.81,-0.97,P,1,4,-59,male
7,3,36,2.9,-0.8,-0.86,P,1,3,-60,male
7,4,47,2.8,1.12,1.76,P,1,5,-60,male
7,1,43,3.1,-0.64,-0.9,F,1,4,-62,male
7,3,36,2.7,-1.29,-1.08,P,1,4,-60,female
7,2,37,2.8,-0.71,-1.02,F,1,4,-56,male
7,2,33,3.1,-0.51,-0.32,F,1,3,-61,female
7,6,31.5,2.4,-0.06,-0.03,F,1,4,-60,male
7,4,30,3.8,-0.01,0.35,F,1,1,-52,male
7,1,38,3.4,NA,NA,F,1,5,-62,male
7,2,33,3.3,-0.69,-1.22,F,1,5,-62,female
7,2,29,2.9,-0.49,-0.9,F,2,3,-50,male
2,3,37,3,0.53,-0.5,F,1,3,-58,male
7,4,36,2.9,-1.39,-0.82,F,2,3,-44,male
7,2,34,3.2,-0.97,-1,F,1,3,-62,female
7,3,40,2.8,1.05,0.83,P,1,3,-59,male
3,3,34,2.8,-1.83,-2.41,F,1,3,-61,female
7,3,32,2.9,-0.88,-1.17,F,1,4,-56,male
7,3,37,2.7,-0.12,-0.19,F,1,3,-58,male
7,2,30,2.8,-0.58,-0.73,F,2,4,-57,male
6,3,26.5,3.4,-0.03,-1.44,F,1,2,-63,male
3,4,30,2.9,-0.26,-1.61,F,1,2,-62,male
7,3,32.5,3,1.49,1.04,P,1,3,-57,female
7,1,42,3.8,0.51,0.31,P,1,4,-63,male
3,3,26,2.6,-1.26,-1.54,F,1,3,-62,female
7,4,46,3.8,-0.73,-0.58,P,1,4,-61,female
6,5,44,3.8,NA,0,F,1,2,-59,female
7,2,28,3.6,-1.16,-1.05,F,1,3,-49,female
7,4,41,3.1,-0.71,-1.94,P,1,3,-60,male
7,2,30,2.9,0.07,0.95,F,1,4,-62,male
4,3,29,2.9,-0.82,-0.89,F,1,3,-57,female
7,4,41,3.5,0.75,1.27,P,1,5,-62,female
7,5,48,3.6,-0.56,-0.12,P,1,3,-62,male
7,3,37,3.1,0.57,0.3,F,1,4,-61,female
3,1,31.5,2.2,-0.51,-0.57,F,1,2,-55,male
7,1,34,3.5,0.35,-0.23,F,1,2,-57,male
7,4,38,3.7,-0.65,-0.22,P,1,3,-60,male
6,1,41,2.7,0.15,0.01,P,1,4,-65,male
3,2,23,2.1,-1.52,-1.84,F,1,3,-58,male
7,3,35,3.3,-0.57,-1.24,F,1,3,-53,female
6,4,37,3.2,0.05,-1.25,P,1,4,-67,male
6,3,32,3,-1.17,-1.76,F,1,3,-61,female
7,3,24,3.3,-1.57,-0.71,P,1,3,-61,female
7,2,32,2.4,-0.8,-1.02,F,1,4,-60,male
7,4,39,3.1,-0.01,0.21,P,1,5,-61,male
7,3,37.5,3.5,0.29,-0.14,P,2,3,-56,female
7,3,33,3.2,0.35,-0.73,P,1,4,-62,female
7,3,37,3.3,0.6,0.1,F,1,3,-61,male
7,1,37,3.6,-0.53,-0.98,F,1,4,-62,female
2,3,35,3.1,NA,NA,P,1,3,-60,female
7,5,NA,NA,-2.63,-3.84,F,2,3,-55,male
7,1,48,3,0.62,1,P,1,3,-52,male
7,1,34,3.9,-0.24,-0.5,P,1,NA,-62,male
7,4,36,2.7,-1.11,-0.96,F,2,3,-60,male
7,5,44,3.5,0.61,NA,P,1,5,-57,female
7,1,47,3.9,0.34,0.49,P,2,2,-49,female
7,2,31,3.9,-0.05,-0.23,P,2,1,-55,female
5,1,29,2.6,-1.17,-1.25,F,1,1,-47,female
7,2,37,3.1,0.63,0.69,P,1,4,-57,male
7,3,29,3.3,-1.21,-1.27,F,1,3,-61,female
7,4,37,3.1,-0.1,0.52,F,1,4,-60,male
7,3,39,3.4,-0.23,0.63,P,1,2,-62,male
2,4,44,2.6,-0.85,-1.55,F,2,5,-55,male
7,3,34,3.3,-0.03,-0.28,P,1,3,-49,male
7,2,34,3.2,-0.46,-0.81,F,2,3,-52,female
7,4,33.5,3.3,-0.23,0.11,P,1,4,-55,female
7,3,40,3.7,-0.7,-0.87,P,1,4,-65,male
3,1,30,2.9,-1.71,-2.1,F,1,3,-67,female
7,4,36,3.2,-0.54,0.14,P,1,5,-62,male
7,3,37,2.6,-1.5,-1.24,F,1,4,-62,male
3,3,25,2.6,-1.62,-1.12,F,1,3,NA,female
3,5,27.7,2.4,-1.7,-0.9,F,1,3,-61,male
7,5,39.5,3.5,-1.28,0.07,P,1,4,-61,female
7,3,36,3.8,1.04,1.09,P,1,3,-62,male
7,2,35,2.2,-0.58,-1.34,F,1,4,-56,female
7,3,39,3.4,0.75,0.8,P,1,4,-62,male
7,3,38,3.1,0.66,0.36,P,1,3,-62,male
3,1,27.5,2.8,-0.22,-0.18,P,1,3,-60,male
7,4,39.5,3,-1.32,-1.64,F,1,5,-51,female
7,1,40,3.8,0.99,1.14,P,1,4,-62,male
7,6,24,2.1,-0.38,-0.79,F,1,3,-60,male
7,4,38,3.5,-0.07,-0.24,P,1,3,-61,female
7,3,37,2.7,-0.85,-0.63,P,1,4,-60,male
7,1,48,3.2,0.76,0.75,P,1,4,-60,male
6,3,26,2.9,0.65,0.23,F,2,3,-56,male
7,1,35,3.5,-1.87,-1.34,P,1,4,-61,female
2,1,36,3.5,-2.86,-1.41,F,1,1,-68,female
7,3,37,3,0.86,0.31,P,1,5,-62,male
7,1,31,2.7,-1.63,-1.57,F,1,4,-62,male
7,4,44,3.3,NA,NA,P,1,4,-58,male
7,3,36,3.1,0.39,0.6,P,1,3,-62,female
7,2,32,2.5,-0.86,-0.45,F,2,4,-56,male
3,1,42,2.8,-1.1,-1.19,F,1,2,-53,male
3,3,33,2.8,-0.06,-0.72,F,2,3,-60,male
3,3,27.5,3.3,0.4,-0.41,P,1,3,-62,female
7,2,27,2.4,-0.99,-1.97,F,1,4,-61,male
7,4,39,3.5,-0.26,0.01,F,2,3,-47,female
7,1,36,3.2,0.53,-0.2,P,1,4,-61,female
7,2,28,3.1,0.83,0.89,F,1,4,-61,male
3,1,26,2.5,-3.01,-2.97,F,1,3,-59,male
7,3,41,2.6,-0.64,NA,F,1,3,-58,female
7,3,36,2.8,-1.07,-1.5,P,1,3,-61,male
7,3,30.7,2.6,-0.78,-1.38,F,2,4,-55,male
1,1,30,2.6,-0.5,-1.08,P,1,2,-52,male
7,3,47,3.6,0.95,0.79,P,1,2,-47,female
7,1,41,3.4,1.28,0.6,P,1,4,-61,male
7,1,43,3.5,0.42,0.7,P,1,4,-59,male
7,1,43,2.9,-0.69,-1.56,F,1,4,-61,female
3,1,20,3.3,-1.05,-0.83,F,1,3,-61,female
2,4,40,3.6,-1.37,-1.63,F,1,3,-67,female
3,1,26,2.6,-1.14,-1.76,F,2,3,-55,male
7,4,48,3.3,-0.06,0.59,P,1,5,-61,male
3,6,27,2.3,-0.25,-0.75,F,1,3,-49,male
7,3,33.5,2.5,-0.91,-1.93,F,1,3,-60,male
7,4,39,2.9,0.27,0.03,F,1,3,-55,female
3,1,21,3.5,-1.75,-1.85,P,1,2,-62,male
7,3,37,2.9,NA,NA,P,2,4,-52,male
7,2,33,3.5,-1.07,-0.93,P,1,2,-36,female
7,3,32,2.7,0.25,-0.42,P,1,4,-61,male
7,3,33,3.2,-0.69,-0.69,P,1,4,-67,male
7,5,42,3.5,1.44,1.29,P,1,4,-62,female
7,1,43,2.8,-0.59,-1,P,1,4,-55,male
7,3,33,3.1,0.61,-0.23,F,1,3,-65,female
8,4,42,3.5,1.28,1.28,P,1,4,-61,male
7,3,35,3.4,0.83,0.29,P,2,3,-65,female
2,3,33,3,0.01,0.25,F,2,3,-61,male
7,2,29,3.4,-0.17,-0.79,F,1,3,-62,male
7,1,38,3.2,-1.29,NA,P,1,4,-60,male
2,4,21,NA,-0.81,-2,F,1,NA,-47,male
3,5,39,3.7,-0.11,-0.45,P,1,3,-62,female
7,3,29,3.7,-0.43,-0.68,F,1,3,-53,female
7,4,45,3.4,0.17,0.44,P,1,4,-61,male
4,3,28,3.2,-0.83,-0.78,F,1,3,-61,male
7,1,32.5,2.7,-0.86,-0.83,P,1,4,-44,female
7,3,37,2.9,-1.51,-1.58,F,1,3,-41,female
7,2,33,3.1,-0.99,-0.28,F,1,3,-61,female
7,2,37,3,0.76,0.25,F,2,4,-62,female
7,1,34,3.1,0.88,-0.41,P,1,5,-61,male
7,4,38.5,3.4,-0.97,-1.55,F,1,4,-57,female
7,1,34,2.9,-1.28,-1.58,F,1,3,-37,female
7,4,27,4,0.39,0.68,P,2,2,-62,female
7,3,34,2.7,-1.92,-1.29,F,2,4,-48,female
7,1,42,3.7,0.9,1.01,P,1,4,-62,male
7,2,34,2.7,0.58,-0.21,P,2,3,-56,male
7,1,36,3.6,NA,-0.08,P,2,2,-67,female
7,1,36,3.2,0.47,0.3,P,1,4,-65,male
7,3,36.5,2.6,-0.58,-0.81,F,1,4,-56,male
3,5,35,2.9,-1.28,-1.22,F,1,3,-62,female
2,4,39,3.2,-0.76,-0.71,F,1,4,-62,female
7,2,34,3.4,-0.25,-0.42,F,1,4,NA,male
7,2,33,2.9,0.14,-1.2,F,2,3,-57,male
7,3,33,3.1,-0.78,NA,F,1,3,-61,female
7,5,44,3.5,0.35,0.43,P,1,4,-62,female
7,4,32.5,3.1,0.16,-0.56,F,2,4,-66,male
7,3,30,2.5,-1.51,-1.7,F,1,4,-47,female
7,3,37,3.1,-1.79,-1.65,F,1,4,-52,male
7,2,32,3.1,-1.96,-1.18,F,1,2,-57,male
7,1,42,3.6,0.94,0.7,P,1,2,-64,female
3,3,34,3.4,-0.29,0.1,P,1,2,-62,male
3,3,24,2,-2.1,-2.44,F,1,NA,-57,male
3,1,36,2.7,-1.17,NA,F,1,3,-56,female
6,3,37,3.3,-0.25,-0.5,F,1,4,-62,female
7,1,31,3.8,-0.03,-0.61,P,1,2,-63,male
7,3,35.5,3.4,0.75,0.11,P,1,3,-61,male
3,1,40,2.5,-0.78,-0.78,P,1,1,-62,male
7,3,40,3.4,1.88,0.71,P,1,4,-62,male
7,1,36.5,3,-0.72,-1.5,F,1,4,-61,female
2,3,31,2.7,-0.68,-0.92,F,1,4,-60,female
7,2,33.5,2.8,0.16,-0.4,P,1,4,-60,male
7,4,38,2.7,0.04,-0.58,F,1,4,-60,male
7,2,31,2.1,0.04,-0.3,F,2,4,-49,male
7,3,43,3.2,1.1,1.23,P,1,3,-54,male
7,1,38,3.6,-0.05,0.1,P,1,3,-61,female
7,1,43,3,-0.23,-0.38,F,2,3,NA,male
7,4,39,3,0.93,0.81,P,1,3,-62,male
8,4,32,3.9,0.13,0.54,P,1,4,-60,female
7,1,NA,NA,0.03,0.16,P,2,3,-56,female
7,1,42,3.6,0.02,0.52,F,1,5,-53,male
7,2,30.5,3.1,-0.18,-0.14,P,1,5,-59,male
7,3,39,2.8,0.28,-0.26,F,1,3,-40,male
2,1,40,2.8,0.4,0.32,P,1,3,-59,male
4,1,32,2.9,-1.68,-1.28,F,1,3,-63,male
7,3,31,3.2,0.65,0.65,P,1,4,-62,female
7,3,38,2.7,-0.17,-0.8,P,1,4,NA,male
7,1,42,3.2,0.78,0.64,P,1,3,-63,female
7,1,42,3,-1.53,-1.7,F,1,3,-62,male
7,3,37,3.5,-0.8,NA,F,1,4,-56,female
7,4,42,3.2,NA,NA,P,1,4,-58,female
7,3,40,3.1,1.17,1,P,1,4,-59,male
7,1,44,3.8,2.16,2.19,P,2,4,-60,female
7,2,36,3.1,0.15,-0.03,P,1,4,-61,male
7,3,41,2.3,0.01,-0.49,F,1,5,-56,female
7,3,33,3.5,-0.05,-0.16,F,1,4,-62,female
7,5,43,3.5,-0.85,-0.35,P,1,2,-55,female
3,1,22.5,3.3,-2.11,-2.15,F,1,1,-60,female
7,3,33,2.8,0.67,0.54,P,1,3,-50,male
7,2,28.5,3.1,0.7,-0.6,P,1,3,-65,female
7,4,41,3.2,-0.38,-1.11,F,1,3,-67,female
7,3,35,3.3,-0.52,-0.8,P,1,3,-61,female
6,4,31,3.1,-1.31,-1.6,F,1,2,-44,male
2,3,40,2,1.71,0.46,P,1,5,-58,male
7,3,41,2.4,-1.09,-1.81,F,1,3,-39,male
6,6,18,2.8,NA,NA,F,1,3,-60,female
6,3,36,2.8,-1.98,-1.97,P,1,4,-62,male
7,3,34,3.7,0.22,0.09,F,1,3,-55,male
7,4,48,4,0.14,0.26,P,1,4,-53,male
7,1,33,3.7,0.39,0.58,P,1,3,-44,female
7,3,36,2.7,0.05,-0.53,F,1,4,-61,male
7,3,32,2.9,0.47,0.33,P,1,4,-66,female
7,4,35,3.9,-1.46,-0.41,P,1,NA,-62,female
8,3,41,2.5,-0.89,-1.46,F,1,3,-61,male
7,3,32.5,3.6,-0.21,-0.63,P,1,4,-61,male
5,6,28,2.8,-0.42,0.19,F,1,3,-41,male
2,1,23,3.4,-0.82,-1.68,F,1,NA,-62,male
7,1,42,3,-0.42,-0.08,P,1,3,-59,male
7,2,26,3.6,0.7,0.44,P,1,3,-62,female
7,1,47,3.2,1.17,NA,P,1,3,-61,female
7,3,37,3,1.28,1,P,1,3,-62,female
7,1,41,2.8,-0.55,-0.35,P,1,4,-62,female
7,3,33,3,-1.02,0,F,1,3,-61,female
7,4,35.5,3.5,-0.74,-0.86,P,1,4,-59,male
7,3,39,3.5,-0.35,-0.18,P,1,3,-67,male
7,3,44,2.1,0.36,0.94,P,2,4,-52,male
3,5,32,3.2,-0.85,NA,F,1,3,-62,female
3,1,33,2.4,1.1,1.58,P,1,3,-58,male
7,3,30,2.8,-0.79,-1.2,F,1,5,-61,male
7,4,33,3.5,-0.54,-0.2,F,1,4,-61,female
8,1,43,3.5,2.32,2.13,P,1,3,-53,female
7,1,36,3.4,1.16,1.12,P,1,4,-62,male
7,2,35,2.7,0.52,0.35,P,1,2,-61,male
6,3,26,3.5,-1.07,-1.3,F,1,2,-62,male
7,3,28.5,2.1,-1.88,-2.39,F,1,3,-61,male
7,3,38,3.4,-0.21,-0.55,P,1,4,-62,female
7,3,36,3.5,0.83,1.14,P,1,4,-57,male
6,6,28,2.6,NA,NA,F,1,2,-57,female
7,1,36,3.4,NA,NA,F,1,4,-62,male
7,3,32.5,2.8,-0.45,-0.15,F,1,4,-58,male
7,1,42,3.3,1.39,0.68,P,1,4,-62,female
7,1,41,3.2,-0.7,-0.68,P,1,4,-62,male
7,2,32,2.5,-1.41,-1.19,P,2,2,-60,male
6,1,32,3.2,-1.5,1.68,F,2,3,-47,male
7,1,33,3.8,-0.99,-0.6,F,1,2,-60,female
4,1,30,3.1,-1.74,-1.71,F,1,3,-62,male
7,1,42,2.9,-1.33,-1.38,F,1,4,-45,female
7,3,33.5,3.6,-0.73,-0.78,P,1,4,-66,male
7,3,38,2.7,-1.33,-2.04,F,1,4,-62,male
7,6,33,2.5,-0.58,0.08,F,1,3,-59,female
4,3,28,3,0.66,-0.07,P,1,2,-50,male
3,3,18,2.6,-2.1,-2.09,F,1,1,-55,male
3,1,41,2.7,-0.03,0.67,P,1,4,-57,female
7,1,31,3.2,-0.6,-0.66,F,1,3,-61,female
7,4,39,3,-0.25,-0.4,F,1,3,-46,male
1,2,34,3.9,-0.34,-0.95,F,1,3,-50,male
3,3,25.5,2.4,-0.8,-0.64,F,1,3,-61,female
6,1,28,2.7,-1.22,-1.37,F,1,2,-57,male
3,3,26,2.1,-1.28,-1.68,F,2,3,-61,male
7,3,35,3.1,0.99,1.37,P,1,3,-61,female
7,4,36,3.1,-0.54,-0.09,P,2,3,-45,male
7,1,34,3.3,0.39,0.28,F,1,NA,-60,female
3,1,32,2.1,-1.12,-0.91,P,1,3,-61,female
7,3,39,3.9,1.21,1.53,P,1,4,-62,male
3,3,24,2.8,-1.82,-1.25,F,1,3,-58,female
3,1,27,2.7,-1.02,-1.14,P,1,2,-61,male
7,1,38,4,1.43,1.1,P,1,3,-60,male
3,1,36,2.2,-1.06,-1.85,F,1,1,-56,male
7,3,36,3.7,1.04,1.71,P,1,2,-58,female
7,2,37,2.7,-0.63,-1.43,F,1,4,-60,male
7,1,31,3.6,-0.21,0.27,P,1,3,-61,female
7,3,37,3.2,-0.32,-0.9,F,1,4,-62,male
7,3,34.5,3.3,0.77,0.32,P,1,4,-65,female
7,3,33,3.5,0.17,1.07,P,1,3,-61,female
7,5,39,3.5,-0.13,-0.71,P,1,3,-61,male
7,2,35,3.3,0.9,0.97,P,1,2,-60,female
8,3,27,3.3,-0.03,-1.75,F,1,4,-62,male
7,3,35,3.6,-1.79,-1.12,F,1,3,-61,male
7,5,41,3.5,0.52,0.41,P,1,3,-66,male
1,1,33,2.6,-0.47,-0.49,F,1,4,-62,male
7,2,34,3.4,0.09,0.19,F,1,3,-49,male
7,3,34,3.6,0.13,0.79,P,1,4,-62,male
7,1,42,3.5,-0.86,-2.02,F,1,4,-59,male
3,1,34,2.7,0.43,-0.98,F,1,3,-65,male
7,4,45,2.6,-1.04,-0.03,F,2,3,-48,male
7,1,35,3.1,-1.17,-1.13,F,1,3,-56,male
3,4,26,2.7,-0.54,-1.08,F,2,3,-53,female
5,3,16.5,2.9,-0.6,-1.32,F,2,3,-59,female
7,3,31,4,-1.44,-1.65,P,1,3,-21,male
7,3,28.5,2.4,-0.86,-1.53,F,1,5,-58,female
2,2,31,3,-0.29,-0.63,F,1,4,-60,female
7,3,30,2.4,-0.74,-0.79,F,2,4,-50,male
3,1,42,2.5,-1.62,-2.29,F,1,4,-62,male
7,4,36,2.6,-1.07,-0.97,F,1,4,-48,female
7,3,30,3.4,-0.51,-1.54,F,1,3,-62,female
7,6,23,3.5,NA,NA,F,1,3,-62,female
3,3,32.5,2.5,-1.24,-1.51,F,1,3,-62,female
3,3,26,2.8,-0.4,-1.42,F,1,2,-59,female
7,5,42,3.7,-1.54,-1.42,F,1,2,-62,male
6,3,24.5,2.9,-2.1,-2.48,F,1,3,-59,male
7,3,31,2.6,-0.43,-1.24,F,1,3,-61,male
7,2,33,3.2,0.02,0.16,P,1,4,-56,male
7,3,40,2.4,1.07,0.81,P,1,3,-45,female
7,3,33,3.3,-0.89,-0.86,P,1,4,-60,male
7,4,42,3.4,0.04,-0.31,F,1,4,-56,male
7,3,39,2.7,0.07,-0.02,P,1,2,-67,male
7,3,32.5,3.6,-0.58,0.8,P,1,3,-62,female
7,4,40,3.5,0.36,0.56,P,1,3,-60,male
7,1,36,3,-0.62,-1.15,P,1,4,-67,male
7,3,35,3.5,-0.04,-0.36,P,1,4,-65,male
7,5,36,3.7,-0.31,-0.15,P,1,4,-62,female
7,6,NA,NA,2.1,1.92,P,1,4,-46,male
7,1,38,3.1,NA,0.09,F,2,2,-58,male
7,4,39,3.8,-0.14,-0.29,P,1,3,-54,female
3,1,33,2.9,0.58,-0.04,F,1,3,-63,female
7,3,39,3,0.59,0.3,P,1,4,-62,male
5,1,32,1.9,-1.9,-1.39,F,1,3,-57,male
7,4,41,3.5,0.34,-0.44,P,1,3,-67,male
7,5,46,3.9,2.24,2.87,P,1,3,-59,female
7,1,33,3.6,1.27,1.2,P,1,2,-59,male
7,4,39,3.7,-1.5,-1.86,F,1,4,-48,male
2,6,24,2.4,NA,NA,F,1,4,-60,male
7,1,36,3.7,-0.75,-0.19,P,1,3,-61,female
7,1,41,3.1,-0.68,-0.85,P,1,4,-60,female
7,1,42,3.2,0.02,0.1,P,1,4,-61,male
7,4,37,2.8,0.73,1.25,P,2,5,-46,female
7,1,37,3.6,0.8,1.2,P,1,4,-61,male
3,1,29,2.7,-0.76,-1.5,F,1,1,-61,female
7,1,33,2.8,-0.76,-0.61,P,1,4,-60,female
7,4,33,2.9,-0.06,NA,F,1,4,-60,male
8,1,32,2.7,-0.79,-1.11,F,1,4,-60,female
7,3,38,3.4,-0.61,-0.04,P,1,4,-60,male
7,3,31.5,3.2,-0.34,0.35,P,1,3,-61,female
7,1,36,3.4,-0.09,0.04,P,1,4,-59,female
7,4,40.5,2.1,1.26,-0.33,P,1,3,-59,male
2,3,34,2.8,-0.2,NA,F,2,3,-56,male
3,4,28.5,2.5,-1.19,-1.35,F,2,3,-36,female
